code,name,sector,market_cap,logo_url
AADI,PT Adaro Andalan Indonesia Tbk,Energy Minerals,90522620544434,https://www.adaroindonesia.com/theme/images/Logo-Adaro-Andalan-Indonesia-Color.png
AALI,PT Astra Agro Lestari Tbk,Consumer Non-Cyclicals,15060686373901,https://s3-symbol-logo.tradingview.com/astra-agro-lestari--big.svg
ABBA,Mahaka Media Tbk,"ADVERTISING,PRINTING and MEDIA",118076785710,https://storage.invezgo.com/icon/ABBA.png
ABDA,PT Asuransi Bina Dana Arta Tbk,Finance,3054368671875,https://s3-symbol-logo.tradingview.com/asuransi-bina-dan-atra--big.svg
ABMM,PT ABM Investama Tbk,Energy Minerals,7048102500000,https://s3-symbol-logo.tradingview.com/abm-investama-tbk--big.svg
ACES,PT Aspirasi Hidup Indonesia Tbk,Consumer Cyclicals,5845046519531,https://s3-symbol-logo.tradingview.com/ace-hardware--big.svg
ACRO,PT Samcro Hyosung Adilestari Tbk,Process Industries,169997927490,https://s3-symbol-logo.tradingview.com/samcro-hyosung-adilestari-tbk--big.svg
ACST,PT Acset Indonusa Tbk,Industrial Services,1590764414062,https://s3-symbol-logo.tradingview.com/acset-indonusa-tbk--big.svg
ADCP,Adhi Commuter Properti Tbk,PROPERTY AND REAL ESTATE,1111111110000,https://storage.invezgo.com/icon/ADCP.png
ADES,PT Akasha Wira International Tbk,Consumer Non-Durables,21619717337036,https://s3-symbol-logo.tradingview.com/akasha-wira-international-tbk--big.svg
ADHI,Adhi Karya (persero) Tbk,Infrastructures,1118211994207,https://storage.invezgo.com/icon/ADHI.png
ADMF,PT Adira Dinamika Multi Finance Tbk,Financials,10720591897583,https://s3-symbol-logo.tradingview.com/adira-dinamika-multi-finance-tbk--big.svg
ADMG,PT. Polychem Indonesia Tbk,Process Industries,925624765625,https://s3-symbol-logo.tradingview.com/pt-polychem-indonesia-tbk--big.svg
ADMR,PT Alamtri Minerals Indonesia Tbk,Energy Minerals,62345556347656,https://s3-symbol-logo.tradingview.com/adaro-minerals-indonesia-tbk--big.svg
ADRO,PT Alamtri Resources Indonesia Tbk,Energy,71414580917969,https://s3-symbol-logo.tradingview.com/adaro-energy-tbk--big.svg
AEGS,PT. Anugerah Spareparts Sejahtera Tbk,Producer Manufacturing,,https://s3-symbol-logo.tradingview.com/anugerah-spareparts-sejahtera-tbk--big.svg
AGAR,PT Asia Sejahtera Mina Tbk,Distribution Services,1790000000000,https://s3-symbol-logo.tradingview.com/asia-sejahtera-mina-tbk--big.svg
AGII,PT Samator Indo Gas Tbk,Process Industries,10287570502930,https://s3-symbol-logo.tradingview.com/aneka-gas-industri--big.svg
AGRO,PT Bank Raya Indonesia Tbk,Finance,3315226214844,https://s3-symbol-logo.tradingview.com/bank-rakyat-indonesia-agroniaga-tbk--big.svg
AGRS,PT Bank IBK Indonesia Tbk,Finance,2632541054688,https://s3-symbol-logo.tradingview.com/ibk--big.svg
AHAP,PT Asuransi Harta Aman Pratama Tbk,Finance,764400000000,https://s3-symbol-logo.tradingview.com/asuransi-harta-aman-pratama-tbk--big.svg
AIMS,PT Artha Mahiya Investama Tbk,Distribution Services,99000000000,https://s3-symbol-logo.tradingview.com/artha-mahiya-investama--big.svg
AISA,PT FKS Food Sejahtera Tbk,Consumer Non-Durables,1098792376953,https://s3-symbol-logo.tradingview.com/fks-food-sejahtera-rp500--big.svg
AKKU,PT Anugerah Kagum Karya Utama Tbk,Consumer Services,264428018555.00003,https://s3-symbol-logo.tradingview.com/anugerah-kagum-karya-utama-tbk--big.svg
AKPI,PT Argha Karya Prima Industry Tbk,Process Industries,315307712708,https://s3-symbol-logo.tradingview.com/argha-karya-prima-industry--big.svg
AKRA,PT AKR Corporindo Tbk,Energy,29307272929688,https://s3-symbol-logo.tradingview.com/akr-corporindo--big.svg
AKSI,PT Mineral Sumberdaya Mandiri Tbk,Finance,269280000000,https://s3-symbol-logo.tradingview.com/mineral-sumberdaya-mandiri-tbk--big.svg
ALDO,PT Alkindo Naratama Tbk,Process Industries,2576952187500,https://s3-symbol-logo.tradingview.com/alkindo-naratama-tbk--big.svg
ALII,PT Ancara Logistics Indonesia Tbk,Consumer Services,10998930864258,https://s3-symbol-logo.tradingview.com/ancara-logistics-indonesia-tbk--big.svg
ALKA,Alakasa Industrindo Tbk,INVESTMENT COMPANY,2325105951900,https://storage.invezgo.com/icon/ALKA.png
ALMI,Alumindo Light Metal Industry Tbk,METAL AND ALLIED PRODUCTS,282384000000,https://storage.invezgo.com/icon/ALMI.png
ALTO,Tri Banyan Tirta Tbk,FOOD & BEVERAGES,39453670044,https://storage.invezgo.com/icon/ALTO.png
AMAG,PT Asuransi Multi Artha Guna Tbk,Finance,1940512660156,https://s3-symbol-logo.tradingview.com/asuransi-multi-artha-guna-tbk--big.svg
AMAN,PT Makmur Berkah Amanda Tbk.,Finance,747585500000,https://s3-symbol-logo.tradingview.com/makmur-berkah-amanda-tbk--big.svg
AMAR,PT Bank Amar Indonesia Tbk,Finance,4154127187500,https://s3-symbol-logo.tradingview.com/bank-amar-indonesia-tbk--big.svg
AMFG,PT Asahimas Flat Glass Tbk,Process Industries,1380120000000,https://s3-symbol-logo.tradingview.com/asahimas-flat-glass--big.svg
AMIN,PT Ateliers Mecaniques D'Indonesie Tbk,Producer Manufacturing,276480000000,https://s3-symbol-logo.tradingview.com/ateliers-mecaniques-d-indonesie-tbk--big.svg
AMMN,PT Amman Mineral Internasional Tbk,Basic Materials,328507530937500,https://s3-symbol-logo.tradingview.com/amman-min-inter-rp-1285--big.svg
AMMS,PT Agung Menjangan Mas Tbk,Process Industries,254471140800,https://s3-symbol-logo.tradingview.com/agung-menjangan-mas-tbk--big.svg
AMOR,PT Ashmore Asset Management Indonesia Tbk,Finance,786666733887,https://s3-symbol-logo.tradingview.com/ashmore-asset-management-indonesia--big.svg
AMRT,PT Sumber Alfaria Trijaya Tbk,Consumer Non-Cyclicals,55227590195312,https://s3-symbol-logo.tradingview.com/sumber-alfaria-trijaya--big.svg
ANDI,"PT Andira Agro, Tbk",Process Industries,271150000000,https://s3-symbol-logo.tradingview.com/andira-agro-tbk--big.svg
ANJT,PT Austindo Nusantara Jaya Tbk,Process Industries,5133506909180,https://s3-symbol-logo.tradingview.com/austindo-nusantara-jaya-tbk--big.svg
ANTM,PT Antam (Persero) Tbk,Basic Materials,74495373440600,https://s3-symbol-logo.tradingview.com/antam--big.svg
APEX,PT Apexindo Pratama Duta Tbk,Industrial Services,617085222656,https://s3-symbol-logo.tradingview.com/apexindo-pratama-duta-tbk--big.svg
APIC,PT Pacific Strategic Financial Tbk,Finance,4706525781250,https://s3-symbol-logo.tradingview.com/pacific-strategic-financial-tbk--big.svg
APII,PT Arita Prima Indonesia Tbk,Producer Manufacturing,209773201904,https://s3-symbol-logo.tradingview.com/arita-prima-indonesia-tbk--big.svg
APLI,PT Asiaplast Industries Tbk,Process Industries,370646617188,https://s3-symbol-logo.tradingview.com/asiaplast-industries--big.svg
APLN,PT Agung Podomoro Land Tbk,Properties & Real Estate,2474226765625,https://s3-symbol-logo.tradingview.com/agung-polomoro-land-tbk--big.svg
ARCI,PT Archi Indonesia Tbk,Basic Materials,31543750000000,https://s3-symbol-logo.tradingview.com/archi-indonesia-tbk--big.svg
AREA,PT Dunia Virtual Online Tbk,Technology Services,807593141602,https://s3-symbol-logo.tradingview.com/dunia-virtual-online--big.svg
ARGO,PT Argo Pantes Tbk,Process Industries,4015538975830,https://s3-symbol-logo.tradingview.com/argo-pantes--big.svg
ARII,PT Atlas Resources Tbk,Energy Minerals,1237500000000,https://s3-symbol-logo.tradingview.com/atlas-resources-tbk-pt--big.svg
ARKA,Arkha Jayanti Persada Tbk,MACHINERY AND HEAVY EQUIPMENT,44000000000,https://storage.invezgo.com/icon/ARKA.png
ARKO,PT Arkora Hydro Tbk,Industrial Services,10103308154297,https://s3-symbol-logo.tradingview.com/arkora-hydro-tbk--big.svg
ARMY,Armidian Karyatama Tbk,CONSTRUCTION,450312500000,https://storage.invezgo.com/icon/ARMY.png
ARNA,PT Arwana Citramulia Tbk,Industrials,3817379333496,https://s3-symbol-logo.tradingview.com/arwana-citramulia-tbk--big.svg
ARTA,PT Arthavest Tbk,Consumer Services,924615582275,https://s3-symbol-logo.tradingview.com/arthavest-tbk--big.svg
ARTI,Ratu Prabu Energi Tbk,OTHERS - MINING,15680000000,https://storage.invezgo.com/icon/ARTI.png
ARTO,PT Bank Jago Tbk,Financials,11504904775391,https://s3-symbol-logo.tradingview.com/bank-jago-tbk--big.svg
ASBI,PT Asuransi Bintang Tbk,Finance,136567498047,https://s3-symbol-logo.tradingview.com/asuransi-bintang--big.svg
ASDM,PT Asuransi Dayin Mitra Tbk,Finance,192000000000,https://s3-symbol-logo.tradingview.com/asuransi-dayin-mitra--big.svg
ASGR,PT Astra Graphia Tbk,Technology Services,2818951281738,https://s3-symbol-logo.tradingview.com/pt-astra-grap-tbk-rp-100--big.svg
ASHA,PT Cilacap Samudera Fishing Industry Tbk,Process Industries,215000000000,https://s3-symbol-logo.tradingview.com/cilacap-samudera-fishing-industry--big.svg
ASII,PT Astra International Tbk,Industrials,189058182148438,https://s3-symbol-logo.tradingview.com/astra-international--big.svg
ASJT,PT Asuransi Jasa Tania Tbk,Finance,225400000000,https://s3-symbol-logo.tradingview.com/asuransi-jasa-tania--big.svg
ASLC,PT Autopedia Sukses Lestari Tbk,Distribution Services,726542261719,https://s3-symbol-logo.tradingview.com/autopedia-sukses-lestari-tbk--big.svg
ASLI,PT Asri Karya Lestari Tbk,Industrial Services,3037500000000,https://s3-symbol-logo.tradingview.com/asri-karya-lestari--big.svg
ASMI,PT Asuransi Maximus Graha Persada Tbk,Finance,170209217773,https://s3-symbol-logo.tradingview.com/asuransi-maximus-graha-persada-tbk--big.svg
ASPI,PT Andalan Sakti Primaindo Tbk,Finance,463639846191,https://s3-symbol-logo.tradingview.com/andalan-sakti-primaindo-tbk--big.svg
ASPR,PT Asia Pramulia Tbk,Producer Manufacturing,347136000000,https://s3-symbol-logo.tradingview.com/asia-pramulia-tbk--big.svg
ASRI,PT Alam Sutera Realty Tbk,Consumer Cyclicals,2357929453125,https://s3-symbol-logo.tradingview.com/alam-sutera--big.svg
ASRM,PT Asuransi Ramayana Tbk,Finance,352725776367,https://s3-symbol-logo.tradingview.com/asuransi-ramayana--big.svg
ASSA,PT Adi Sarana Armada Tbk,Transportation & Logistic,2159315408936,https://s3-symbol-logo.tradingview.com/adi-sarana-armada-tbk--big.svg
ATAP,PT Trimitra Prawara Goldland Tbk,Finance,681250000000,https://s3-symbol-logo.tradingview.com/trimitra-prawara-goldland-tbk--big.svg
ATIC,PT Anabatic Technologies Tbk,Technology Services,1267660327148,https://s3-symbol-logo.tradingview.com/anabatic-technologies-tbk--big.svg
ATLA,PT Atlantis Subsea Indonesia Tbk,Industrial Services,266581838379.00003,https://s3-symbol-logo.tradingview.com/atlantis-subsea-indonesia--big.svg
AUTO,PT Astra Otoparts Tbk,Industrials,15905118603516,https://s3-symbol-logo.tradingview.com/astra-otoparts--big.svg
AVIA,PT Avia Avian Tbk,Basic Materials,20940301484375,https://s3-symbol-logo.tradingview.com/avia-avian-tbk--big.svg
AWAN,PT Era Digital Media Tbk,Technology Services,532425000000,https://s3-symbol-logo.tradingview.com/era-digital-media-tbk--big.svg
AXIO,PT Tera Data Indonusa Tbk,Electronic Technology,636573784668,https://s3-symbol-logo.tradingview.com/tera-data-indonusa-tbk--big.svg
AYAM,PT Janu Putra Sejahtera Tbk.,Process Industries,1992000000000,https://s3-symbol-logo.tradingview.com/janu-putra-sejahtera-tbk--big.svg
AYLS,PT Arkayana Lestari Grup Tbk,Process Industries,182632581665,https://s3-symbol-logo.tradingview.com/agro-yasa-lestari--big.svg
BABP,PT Bank MNC Internasional Tbk,Finance,1892616277344,https://s3-symbol-logo.tradingview.com/bank-mnc-internasional-tbk--big.svg
BABY,PT Multitrend Indo Tbk,Retail Trade,522433234131,https://s3-symbol-logo.tradingview.com/multitrend-indo-tbk--big.svg
BACA,PT Bank Capital Indonesia Tbk,Finance,2214785601562,https://s3-symbol-logo.tradingview.com/bank-capital--big.svg
BACH,PT Bach Multi Global Tbk.,Distribution Services,1413212756348,https://storage.invezgo.com/icon/BACH.png
BAIK,PT Bersama Mencapai Puncak Tbk,Consumer Services,,https://s3-symbol-logo.tradingview.com/bersama-mencapai-puncak-tbk--big.svg
BAJA,PT Saranacentral Bajatama Tbk,Non-Energy Minerals,568800000000,https://s3-symbol-logo.tradingview.com/saranacentral-bajatama-tbk--big.svg
BALI,PT Bali Towerindo Sentra Tbk,Industrial Services,5075624362793,https://s3-symbol-logo.tradingview.com/bali-towerindo-sen--big.svg
BANK,PT Bank Aladin Syariah Tbk,Finance,3406258769531,https://s3-symbol-logo.tradingview.com/bank-aladin-syariah--big.svg
BAPA,PT Bekasi Asri Pemula Tbk,Consumer Durables,68163801941,https://s3-symbol-logo.tradingview.com/bekasi-asri-pemula-tbk--big.svg
BAPI,PT Bhakti Agung Propertindo Tbk,Finance,139799499512,https://s3-symbol-logo.tradingview.com/bhakti-agung-propertindo--big.svg
BATA,Sepatu Bata Tbk,FOOTWEAR,76700000000,https://storage.invezgo.com/icon/BATA.png
BATR,PT Benteng Api Technic Tbk,Non-Energy Minerals,,https://s3-symbol-logo.tradingview.com/benteng-api-technic-tbk--big.svg
BAUT,PT Mitra Angkasa Sejahtera Tbk,Distribution Services,187207141113,https://s3-symbol-logo.tradingview.com/mitra-angkasa-sejahtera-tbk--big.svg
BAYU,PT Bayu Buana Tbk,Consumer Services,469783656921,https://s3-symbol-logo.tradingview.com/bayu-buana-travel-service--big.svg
BBCA,PT Bank Central Asia Tbk,Financials,767387166796875,https://s3-symbol-logo.tradingview.com/bank-central-asia--big.svg
BBHI,PT Allo Bank Indonesia Tbk,Finance,17166902128906,https://s3-symbol-logo.tradingview.com/allo-bank-indonesia--big.svg
BBKP,PT Bank KB Indonesia Tbk,Financials,8079163843750,https://s3-symbol-logo.tradingview.com/bank-kb-bukopin-tbk--big.svg
BBLD,PT Buana Finance Tbk,Finance,1086225454102,https://s3-symbol-logo.tradingview.com/buana-finance-tbk--big.svg
BBMD,PT Bank Mestika Dharma Tbk,Finance,8034002351074,https://s3-symbol-logo.tradingview.com/bank-mestika-dharma-tbk--big.svg
BBNI,PT Bank Negara Indonesia (Persero) Tbk,Financials,128980947425335,https://s3-symbol-logo.tradingview.com/bank-negara-indonesia-persero-tbk--big.svg
BBRI,PT Bank Rakyat Indonesia (Persero) Tbk,Financials,477040870612160,https://s3-symbol-logo.tradingview.com/bank-rakyat-indonesia--big.svg
BBRM,PT Pelayaran Nasional Bina Buana Raya Tbk,Transportation,853220757016,https://s3-symbol-logo.tradingview.com/pelayaran-nasional-bina-buana-raya--big.svg
BBSI,PT Krom Bank Indonesia Tbk,Finance,16188993530273,https://s3-symbol-logo.tradingview.com/bank-bisnis-internasional-tbk--big.svg
BBSS,PT Bumi Benowo Sukses Sejahtera Tbk,Industrial Services,480001611328,https://s3-symbol-logo.tradingview.com/bumi-benowo-sukses-sejahtera-tbk--big.svg
BBTN,PT Bank Tabungan Negara (Persero) Tbk,Financials,15227372105577,https://s3-symbol-logo.tradingview.com/bank-tabungan-negara--big.svg
BBYB,PT Bank Neo Commerce Tbk,Finance,2395891205078,https://s3-symbol-logo.tradingview.com/bank-neo-commerce--big.svg
BCAP,PT MNC Kapital Indonesia Tbk,Finance,1811171253906,https://s3-symbol-logo.tradingview.com/mnc-kapital-indonesia-tbk--big.svg
BCIC,PT Bank JTrust Indonesia Tbk,Finance,2372399765625,https://s3-symbol-logo.tradingview.com/bank-jtrust--big.svg
BCIP,PT Bumi Citra Permai Tbk,Finance,74355607422,https://s3-symbol-logo.tradingview.com/bumi-citra-permai--big.svg
BDKR,PT Berdikari Pondasi Perkasa Tbk,Industrial Services,748580566406,https://s3-symbol-logo.tradingview.com/berdikari-pondasi-perkasa-tbk--big.svg
BDMN,PT Bank Danamon Indonesia Tbk,Finance,41733070175781,https://s3-symbol-logo.tradingview.com/bank-danamon-indonesia-tbk--big.svg
BEBS,Berkah Beton Sadaya Tbk,CEMENT,225000000000,https://storage.invezgo.com/icon/BEBS.png
BEEF,PT Estika Tata Tiara Tbk,Consumer Non-Durables,3183137853028,https://s3-symbol-logo.tradingview.com/estika-tata-tiara-tbk--big.svg
BEER,PT Jobubu Jarum Minahasa Tbk,Consumer Non-Durables,232000000000,https://s3-symbol-logo.tradingview.com/jobubu-jarum-minahasa-tbk--big.svg
BEKS,"PT. Bank Pembangunan Daerah Banten, Tbk",Finance,1504242800781,https://s3-symbol-logo.tradingview.com/bank-pembangunan-daerah-banten-tbk--big.svg
BELI,PT Global Digital Niaga Tbk,Retail Trade,36500249843750,https://s3-symbol-logo.tradingview.com/global-digital-niaga-tbk--big.svg
BELL,PT Trisula Textile Industries Tbk,Consumer Non-Durables,659750000000,https://s3-symbol-logo.tradingview.com/trisula-textile-indsutries-tbk--big.svg
BESS,PT Batulicin Nusantara Maritim Tbk,Transportation,2545937119141,https://s3-symbol-logo.tradingview.com/batulicin-nusantara-maritim-tbk--big.svg
BEST,PT Bekasi Fajar Industrial Estate Tbk,Properties & Real Estate,1128735333984,https://s3-symbol-logo.tradingview.com/bekasi-fajar-industrial-estate-tbk-pt--big.svg
BFIN,PT BFI Finance Indonesia Tbk,Financials,13264953203125,https://s3-symbol-logo.tradingview.com/bfi-finance--big.svg
BGTG,PT Bank Ganesha Tbk,Finance,2660780783203,https://s3-symbol-logo.tradingview.com/bank-ganesha--big.svg
BHAT,Bhakti Multi Artha Tbk,OTHERS - MISCELLANENEOUS INDUSTRY,8850000000000,https://storage.invezgo.com/icon/BHAT.png
BHIT,PT MNC Asia Holding Tbk,Consumer Services,1670854843750,https://s3-symbol-logo.tradingview.com/mnc-investama--big.svg
BIKA,Binakarya Jaya Abadi Tbk,PROPERTY AND REAL ESTATE,32575400000,https://storage.invezgo.com/icon/BIKA.png
BIKE,PT Sepeda Bersama Indonesia Tbk,Distribution Services,1947344154663,https://s3-symbol-logo.tradingview.com/sepeda-bersama-indonesia-tbk--big.svg
BIMA,Primarindo Asia Infrastructure Tbk,FOOTWEAR,49870408712,https://storage.invezgo.com/icon/BIMA.png
BINA,PT Bank Ina Perdana Tbk,Finance,24661559560547,https://s3-symbol-logo.tradingview.com/bank-ina-perdana-tbk--big.svg
BINO,PT Perma Plasindo Tbk,Producer Manufacturing,236632855469,https://s3-symbol-logo.tradingview.com/perma-plasindo-tbk--big.svg
BIPI,PT Astrindo Nusantara Infrastruktur Tbk,Energy Minerals,8346035585938,https://s3-symbol-logo.tradingview.com/benakat-petroleum-energy-tbk--big.svg
BIPP,PT Bhuwanatala Indah Permai Tbk,Finance,321834843750,https://s3-symbol-logo.tradingview.com/bhuwanatala-indah-permai--big.svg
BIRD,PT Blue Bird Tbk,Transportation & Logistic,3940807653809,https://s3-symbol-logo.tradingview.com/blue-bird-tbk-pt--big.svg
BISI,PT BISI International Tbk,Process Industries,2100000000000,https://s3-symbol-logo.tradingview.com/bisi-international-tbk--big.svg
BJBR,PT Bank Pembangunan Daerah Jawa Barat dan Banten Tbk,Financials,7943690473633,https://s3-symbol-logo.tradingview.com/bank-pembangunan-daerah-jawa-barat-dan-banten-tbk--big.svg
BJTM,PT Bank Pembangunan Daerah Jawa Timur Tbk,Financials,7657904003906,https://s3-symbol-logo.tradingview.com/bank-pembangunan-daerah-jawa-timur--big.svg
BKDP,PT Bukit Darmo Property Tbk,Finance,1382574562500,https://s3-symbol-logo.tradingview.com/bukit-darmo-proper--big.svg
BKSL,PT Sentul City Tbk,Finance,9223988984375,https://s3-symbol-logo.tradingview.com/sentul-city-tbk-rp-2000--big.svg
BKSW,PT Bank QNB Indonesia Tbk,Finance,1617270156250,https://s3-symbol-logo.tradingview.com/qnb-finansbank--big.svg
BLES,PT Superior Prima Sukses Tbk,Non-Energy Minerals,1698029356445,https://s3-symbol-logo.tradingview.com/superior-prima-sukses-tbk--big.svg
BLOG,PT Trimitra Trans Persada Tbk,Transportation,1203097480469,https://s3-symbol-logo.tradingview.com/trimitra-trans-persada-tbk--big.svg
BLTA,PT Berlian Laju Tanker Tbk,Transportation,1114093886719,https://s3-symbol-logo.tradingview.com/berlian-laju-tankers--big.svg
BLTZ,PT Graha Layar Prima Tbk,Consumer Services,1747874267578,https://s3-symbol-logo.tradingview.com/graha-layar-prima--big.svg
BLUE,PT Berkah Prima Perkasa Tbk,Distribution Services,1254000000000,https://s3-symbol-logo.tradingview.com/berkah-prima-perkasa-tbk--big.svg
BMAS,PT Bank Kasikorn Indonesia Tbk,Finance,8653072488281,https://s3-symbol-logo.tradingview.com/bank-maspion-indonesia-tbk--big.svg
BMBL,PT Lavender Bina Cendikia Tbk,Commercial Services,31932511000,https://s3-symbol-logo.tradingview.com/lavender-bina-cendikia-tbk--big.svg
BMHS,PT Bundamedik Tbk,Health Services,1720683203125,https://s3-symbol-logo.tradingview.com/bundamedik--big.svg
BMRI,PT Bank Mandiri (Persero) Tbk,Financials,377008748748660,https://s3-symbol-logo.tradingview.com/bank-mandiri--big.svg
BMSR,PT Bintang Mitra Semestaraya Tbk,Distribution Services,370943984375,https://s3-symbol-logo.tradingview.com/bintang-mitra-semestaraya--big.svg
BMTR,PT Global Mediacom Tbk,Consumer Services,1210085867188,https://s3-symbol-logo.tradingview.com/global-mediacom-tbk--big.svg
BNBA,PT Bank Bumi Arta Tbk,Finance,2834231499023,https://s3-symbol-logo.tradingview.com/bank-bumi-arta--big.svg
BNBR,PT Bakrie & Brothers Tbk,Industrial Services,19223578187500,https://s3-symbol-logo.tradingview.com/pt-bakrie-sumatera-plantations-tbk--big.svg
BNGA,PT Bank CIMB Niaga Tbk,Financials,43128406679688,https://s3-symbol-logo.tradingview.com/bank-cimb-niaga-tbk--big.svg
BNII,PT Bank Maybank Indonesia Tbk,Finance,14252241523438,https://s3-symbol-logo.tradingview.com/bank-maybank--big.svg
BNLI,PT Bank Permata Tbk,Financials,71638998750000,https://s3-symbol-logo.tradingview.com/bank-permata-tbk--big.svg
BOAT,PT Newport Marine Services TBK,Transportation,434208311523,https://s3-symbol-logo.tradingview.com/newport-marine-services-tbk-pt--big.svg
BOBA,PT Formosa Ingredient Factory Tbk,Consumer Non-Durables,220748250000,https://s3-symbol-logo.tradingview.com/formosa-ingredient-factory-tbk--big.svg
BOGA,PT Apollo Global Interactive Tbk,Retail Trade,5895465869141,https://s3-symbol-logo.tradingview.com/bintang-oto-global-tbk--big.svg
BOLA,PT Bali Bintang Sejahtera Tbk,Consumer Services,996000000000,https://s3-symbol-logo.tradingview.com/bali-bintang-sejahtera-tbk--big.svg
BOLT,PT Garuda Metalindo Tbk,Producer Manufacturing,1828125000000,https://s3-symbol-logo.tradingview.com/garuda-metalindo-tbk-pt--big.svg
BOSS,Borneo Olah Sarana Sukses Tbk,COAL MINING,70000000000,https://storage.invezgo.com/icon/BOSS.png
BPFI,PT Woori Finance Indonesia Tbk,Finance,631062905273,https://s3-symbol-logo.tradingview.com/woori-finance-indonesia-tbk--big.svg
BPII,PT Batavia Prosperindo Internasional Tbk,Commercial Services,4507173914062,https://s3-symbol-logo.tradingview.com/batavia--big.svg
BPTR,PT Batavia Prosperindo Trans Tbk,Finance,240312000000,https://s3-symbol-logo.tradingview.com/batavia-prosperindo-trans-tbk--big.svg
BRAM,PT Indo Kordsa Tbk,Process Industries,2092764939880,https://s3-symbol-logo.tradingview.com/indo-kordsa-tbk--big.svg
BREN,PT Barito Renewables Energy Tbk,Energy,405372242812500,https://s3-symbol-logo.tradingview.com/barito-pacific--big.svg
BRIS,PT Bank Syariah Indonesia Tbk,Financials,69655185195311.99,https://s3-symbol-logo.tradingview.com/bank-syariah-indonesia--big.svg
BRMS,PT Bumi Resources Minerals Tbk,Non-Energy Minerals,87906109062500,https://s3-symbol-logo.tradingview.com/bumi-resources-minerals--big.svg
BRNA,PT Berlina Tbk,Process Industries,611943740845,https://s3-symbol-logo.tradingview.com/pt-berlina-tbk--big.svg
BRPT,PT Barito Pacific Tbk,Basic Materials,137451032421875,https://s3-symbol-logo.tradingview.com/barito-pacific--big.svg
BRRC,PT Raja Roti Cemerlang Tbk,Consumer Non-Durables,,https://s3-symbol-logo.tradingview.com/raja-roti-cemerlang-tbk--big.svg
BSBK,PT Wulandari Bangun Laksana Tbk,Finance,1078950960937.9999,https://s3-symbol-logo.tradingview.com/wulandari-bangun-laksana-tbk--big.svg
BSDE,PT Bumi Serpong Damai Tbk,Properties & Real Estate,11502368066406,https://s3-symbol-logo.tradingview.com/bumi-serpong-damai--big.svg
BSIM,PT Bank Sinarmas Tbk,Finance,17941707519531,https://s3-symbol-logo.tradingview.com/sinarmas-multiartha-tbk--big.svg
BSML,PT Bintang Samudera Mandiri Lines Tbk,Transportation,999121486816,https://s3-symbol-logo.tradingview.com/bintang-samudera-mandiri-lines-tbk--big.svg
BSSR,PT Baramulti Suksessarana Tbk,Energy Minerals,14129100000000,https://s3-symbol-logo.tradingview.com/baramulti-suksessarana-tbk--big.svg
BSWD,PT Bank of India Indonesia Tbk,Finance,6774419693604,https://s3-symbol-logo.tradingview.com/bank-of-india-indonesia-tbk--big.svg
BTEK,PT Bumi Teknokultura Unggul Tbk,Process Industries,647884945312,https://s3-symbol-logo.tradingview.com/bumi-teknokultura-unggul-tbk--big.svg
BTEL,Bakrie Telecom Tbk,TELECOMUNICATION,2232316073650,https://storage.invezgo.com/icon/BTEL.png
BTON,PT Betonjaya Manunggal Tbk,Non-Energy Minerals,260640000000,https://s3-symbol-logo.tradingview.com/betonjaya-manunggal--big.svg
BTPN,PT Bank SMBC Indonesia Tbk,Finance,24905976523438,https://s3-symbol-logo.tradingview.com/bank-btpn-tbk--big.svg
BTPS,PT Bank BTPN Syariah Tbk,Financials,7123982800293,https://s3-symbol-logo.tradingview.com/bank-btpn--big.svg
BUAH,PT Segar Kumala Indonesia Tbk,Distribution Services,964000000000,https://s3-symbol-logo.tradingview.com/segar-kumala-indonesia-tbk--big.svg
BUDI,PT Budi Starch & Sweetener Tbk,Process Industries,989779355469,https://s3-symbol-logo.tradingview.com/budi-starch-and-sweetener-tbk--big.svg
BUKA,PT Bukalapak.com Tbk.,Technology,10626209851562,https://s3-symbol-logo.tradingview.com/bukalapak--big.svg
BUKK,PT Bukaka Teknik Utama Tbk.,Producer Manufacturing,2680058682861,https://s3-symbol-logo.tradingview.com/bukaka-teknik-utama-tbk--big.svg
BULL,PT Buana Lintas Lautan Tbk,Transportation,5535570455078,https://s3-symbol-logo.tradingview.com/buana-lintas-lautan-tbk-pt--big.svg
BUMI,PT Bumi Resources Tbk,Energy,66840373125000,https://bumiresources.com/assets/img/bumi-logo-new.png
BUVA,PT Bukit Uluwatu Villa Tbk,Consumer Services,18462791015625,https://s3-symbol-logo.tradingview.com/bukit-uluwatu-villa-tbk--big.svg
BVIC,PT Bank Victoria International Tbk,Finance,1584069945312,https://s3-symbol-logo.tradingview.com/bank-victoria-international--big.svg
BWPT,PT Eagle High Plantations Tbk,Process Industries,3404731218750,https://s3-symbol-logo.tradingview.com/eagle-high-plantations--big.svg
BYAN,PT Bayan Resources Tbk.,Energy,398333364453125,https://s3-symbol-logo.tradingview.com/bayan-resources-tbk--big.svg
CAKK,PT Cahayaputra Asa Keramik Tbk,Consumer Durables,188918145996,https://s3-symbol-logo.tradingview.com/cahayaputra-asa-keramik-tbk--big.svg
CAMP,"PT Campina Ice Cream Industry, Tbk.",Consumer Non-Durables,912175000000,https://s3-symbol-logo.tradingview.com/campina-ice-cream-industry-tbk--big.svg
CANI,Capitol Nusantara Indonesia Tbk,TRANSPORTATION,112514400000,https://storage.invezgo.com/icon/CANI.png
CARE,PT Metro Healthcare Indonesia Tbk,Health Services,12302500000000,https://s3-symbol-logo.tradingview.com/metro-healthcare--big.svg
CARS,PT Industri dan Perdagangan Bintraco Dharma Tbk,Retail Trade,1695000110352,https://s3-symbol-logo.tradingview.com/bintraco-dharma-tbk--big.svg
CASA,PT Capital Financial Indonesia Tbk,Finance,98057285156250,https://s3-symbol-logo.tradingview.com/capital-financial-indonesia-tbk--big.svg
CASH,PT Cashlez Worldwide Indonesia Tbk,Technology Services,572961330078,https://s3-symbol-logo.tradingview.com/cashlez-worldwide-indonesia-tbk--big.svg
CASS,PT Cahaya Aero Services Tbk,Transportation,3714770913086,https://s3-symbol-logo.tradingview.com/cardig-aero-services-tbk--big.svg
CBDK,PT Bangun Kosambi Sukses Tbk,Finance,19331100185547,https://s3-symbol-logo.tradingview.com/bangun-kosambi-sukses--big.svg
CBMF,Cahaya Bintang Medan Tbk,RETAIL TRADE,93750000000,https://storage.invezgo.com/icon/CBMF.png
CBPE,PT Citra Buana Prasida Tbk,Finance,691687500000,https://s3-symbol-logo.tradingview.com/citra-buana-prasida-tbk--big.svg
CBRE,PT Cakra Buana Resources Energi Tbk,Transportation,3607763583000,https://s3-symbol-logo.tradingview.com/cakra-buana-resources-energi-tbk--big.svg
CBUT,PT Citra Borneo Utama Tbk,Consumer Non-Durables,2843750000000,https://s3-symbol-logo.tradingview.com/citra-borneo-utama-tbk--big.svg
CCSI,PT Communication Cable Systems Indonesia Tbk,Producer Manufacturing,432000013184,https://s3-symbol-logo.tradingview.com/communication-cable-systems-idn--big.svg
CDIA,PT Chandra Daya Investasi TBK.,Utilities,71776890625000,https://s3-symbol-logo.tradingview.com/chandra-daya-investasi-tbk--big.svg
CEKA,PT Wilmar Cahaya Indonesia Tbk.,Consumer Non-Durables,1320900000000,https://s3-symbol-logo.tradingview.com/wilmar--big.svg
CENT,PT Centratama Telekomunikasi Indonesia Tbk,Communications,2837695300781,https://s3-symbol-logo.tradingview.com/centratama-telekomunikasi--big.svg
CFIN,PT. Clipan Finance Indonesia Tbk,Finance,1402551218750,https://s3-symbol-logo.tradingview.com/panin-financial-tbk--big.svg
CGAS,PT Citra Nusantara Gemilang Tbk,Utilities,262181855469,https://s3-symbol-logo.tradingview.com/citra-nusantara-gemilang-tbk--big.svg
CHEK,PT Diastika Biotekindo Tbk,Health Technology,514166442871,https://s3-symbol-logo.tradingview.com/diastika-biotekindo-tbk--big.svg
CHEM,PT Chemstar Indonesia Tbk,Process Industries,90100773800,https://s3-symbol-logo.tradingview.com/chemstar-indonesia-tbk--big.svg
CHIP,PT Pelita Teknologi Global Tbk,Technology Services,556140000000,https://s3-symbol-logo.tradingview.com/pelita-teknologi-global-tbk--big.svg
CINT,PT Chitose Internasional Tbk,Producer Manufacturing,189000000000,https://s3-symbol-logo.tradingview.com/chitose-international-tbk--big.svg
CITA,PT Cita Mineral Investindo Tbk,Consumer Durables,13386021289062,https://s3-symbol-logo.tradingview.com/cita-mineral-investindo-tbk--big.svg
CITY,PT Natura City Developments Tbk,Finance,832399100586,https://s3-symbol-logo.tradingview.com/natura-city-developments-tbk--big.svg
CLAY,PT Citra Putra Realty Tbk,Consumer Services,7118899323730,https://s3-symbol-logo.tradingview.com/citra-putra-realty-tbk--big.svg
CLEO,PT Sariguna Primatirta Tbk,Consumer Non-Cyclicals,9727755242188,https://s3-symbol-logo.tradingview.com/sariguna-primatirta-tbk--big.svg
CLPI,PT Colorpak Indonesia Tbk,Process Industries,487078216553,https://s3-symbol-logo.tradingview.com/colorpak-indonesia--big.svg
CMNP,PT Citra Marga Nusaphala Persada Tbk,Transportation,9207487426758,https://s3-symbol-logo.tradingview.com/citra-marga-nusaphala-persada-tbk--big.svg
CMNT,PT Cemindo Gemilang Tbk,Non-Energy Minerals,12672872890625,https://s3-symbol-logo.tradingview.com/cemindo-gemilang-tbk--big.svg
CMPP,Airasia Indonesia Tbk,TRANSPORTATION,737273586429,https://storage.invezgo.com/icon/CMPP.png
CMRY,PT Cisarua Mountain Dairy Tbk,Distribution Services,34674565170897.996,https://s3-symbol-logo.tradingview.com/cisarua-mountain-dairy-tbk--big.svg
CNKO,Exploitasi Energi Indonesia Tbk,WHOLESALE (DURABLE & NON DURABLE GOODS),331385364622,https://storage.invezgo.com/icon/CNKO.png
CNMA,PT Nusantara Sejahtera Raya Tbk,Consumer Services,7417705000000,https://s3-symbol-logo.tradingview.com/nusantara-sejahtera-raya-tbk--big.svg
COAL,Black Diamond Resources Tbk,COAL MINING,193750000000,https://storage.invezgo.com/icon/COAL.png
COCO,PT Wahana Interfood Nusantara Tbk,Consumer Non-Durables,1452258070312,https://s3-symbol-logo.tradingview.com/wahana-interfood-nusantara-tbk--big.svg
COIN,PT Indokripto Koin Semesta Tbk,Miscellaneous,11029411376953,https://s3-symbol-logo.tradingview.com/indokripto-koin-semesta-tbk--big.svg
COWL,Cowell Development Tbk,PROPERTY AND REAL ESTATE,243560701050,https://storage.invezgo.com/icon/COWL.png
CPIN,PT Charoen Pokphand Indonesia Tbk,Consumer Non-Cyclicals,49030020000000,https://s3-symbol-logo.tradingview.com/charoen-pokphand-indonesia--big.svg
CPRI,Capri Nusa Satu Properti Tbk,PROPERTY AND REAL ESTATE,121668997900,https://storage.invezgo.com/icon/CPRI.png
CPRO,PT Central Proteina Prima Tbk,Process Industries,2561612460938,https://s3-symbol-logo.tradingview.com/central-proteinaprima--big.svg
CRAB,PT Toba Surimi Industries Tbk,Consumer Non-Durables,421200000000,https://s3-symbol-logo.tradingview.com/toba-surimi-industries-tbk--big.svg
CRSN,PT Carsurin Tbk,Commercial Services,358608000000,https://s3-symbol-logo.tradingview.com/carsurin-tbk--big.svg
CSAP,PT Catur Sentosa Adiprana Tbk,Consumer Cyclicals,1602655294922,https://s3-symbol-logo.tradingview.com/catur-sentosa-adiprana-tbk--big.svg
CSIS,PT Cahayasakti Investindo Sukses Tbk,Finance,373280106445,https://s3-symbol-logo.tradingview.com/cahayasakti-investindo-sukses--big.svg
CSMI,PT Cipta Selera Murni Tbk,Consumer Services,157499874023,https://s3-symbol-logo.tradingview.com/cipta-selera-murni-tbk--big.svg
CSRA,PT Cisadane Sawit Raya Tbk,Process Industries,1445250000000,https://s3-symbol-logo.tradingview.com/cisadane-sawit-raya-tbk--big.svg
CTBN,PT Citra Tubindo Tbk,Industrial Services,2441133139038,https://s3-symbol-logo.tradingview.com/citra-tubindo--big.svg
CTRA,PT Ciputra Development Tbk,Properties & Real Estate,10273653779297,https://s3-symbol-logo.tradingview.com/ciputra-development--big.svg
CTTH,PT Citatah Tbk,Non-Energy Minerals,123083972168,https://s3-symbol-logo.tradingview.com/citatah-industri-marmer-tbk--big.svg
CUAN,PT Petrindo Jaya Kreasi Tbk,Energy,102301197578125,https://s3-symbol-logo.tradingview.com/petrindo-jaya-kreasi-tbk--big.svg
CYBR,PT ITSEC Asia Tbk,Technology Services,6811405971680,https://s3-symbol-logo.tradingview.com/itsec-asia-pt--big.svg
DAAZ,PT Daaz Bara Lestari Tbk,Distribution Services,3674480000000,https://s3-symbol-logo.tradingview.com/daaz-bara-lestari-tbk-pt--big.svg
DADA,PT Diamond Citra Propertindo Tbk,Finance,319555822754,https://s3-symbol-logo.tradingview.com/diamond-citra-propertindo-tbk--big.svg
DART,PT Duta Anggada Realty Tbk.,Consumer Durables,455501676025,https://s3-symbol-logo.tradingview.com/duta-anggada-realty--big.svg
DATA,PT Remala Abadi Tbk,Communications,2145000000000,https://s3-symbol-logo.tradingview.com/remala-abadi-tbk-pt--big.svg
DAYA,PT Duta Intidaya Tbk,Retail Trade,2650499095459,https://s3-symbol-logo.tradingview.com/duta-intidaya-tbk--big.svg
DCII,PT DCI Indonesia Tbk,Technology,471981726562500,https://s3-symbol-logo.tradingview.com/dci-indonesia-tbk--big.svg
DEAL,Dewata Freightinternational Tbk,TRANSPORTATION,6877025754,https://storage.invezgo.com/icon/DEAL.png
DEFI,PT Danasupra Erapacific Tbk,Finance,52919533020,https://s3-symbol-logo.tradingview.com/danasupra-erapacific--big.svg
DEPO,PT Caturkarda Depo Bangunan Tbk,Retail Trade,1520960000000,https://s3-symbol-logo.tradingview.com/caturkarda-depo-bangunan-tbk--big.svg
DEWA,PT Darma Henwa Tbk,Energy Minerals,20832398283200,https://s3-symbol-logo.tradingview.com/pt-darma-henwa-tbk--big.svg
DEWI,PT Dewi Shri Farmindo Tbk.,Retail Trade,444000000000,https://s3-symbol-logo.tradingview.com/dewi-shri-farmindo-tbk--big.svg
DFAM,PT Dafam Property Indonesia Tbk,Consumer Services,144388820801,https://s3-symbol-logo.tradingview.com/dafam-property-indonesia-tbk--big.svg
DGIK,PT Nusa Konstruksi Enjiniring Tbk,Industrial Services,767520263672,https://s3-symbol-logo.tradingview.com/nusa-konstruksi--big.svg
DGNS,PT Diagnos Laboratorium Utama Tbk,Health Services,338250000000,https://s3-symbol-logo.tradingview.com/diagnos-laboratorium-utama-tbk--big.svg
DGWG,PT Delta Giri Wacana Tbk,Process Industries,1847058850586,https://s3-symbol-logo.tradingview.com/delta-giri-wacana--big.svg
DIGI,Arkadia Digital Media Tbk,"ADVERTISING,PRINTING and MEDIA",47125000000,https://storage.invezgo.com/icon/DIGI.png
DILD,PT Intiland Development Tbk,Finance,1160975593750,https://s3-symbol-logo.tradingview.com/pt-intiland-development-tbk--big.svg
DIVA,PT Distribusi Voucher Nusantara Tbk,Technology Services,177798434204,https://s3-symbol-logo.tradingview.com/distribusi-voucher-nusantara-tbk--big.svg
DKFT,PT Central Omega Resources Tbk,Non-Energy Minerals,3503030625000,https://s3-symbol-logo.tradingview.com/central-omega-resources-tbk--big.svg
DKHH,PT Cipta Sarana Medika Tbk,Health Services,186172812500,https://s3-symbol-logo.tradingview.com/cipta-sarana-medika-tbk-pt--big.svg
DLTA,PT Delta Djakarta Tbk,Consumer Non-Durables,1417166531982,https://s3-symbol-logo.tradingview.com/delta-djakarta--big.svg
DMAS,PT Puradelta Lestari Tbk,Properties & Real Estate,8723858503906,https://s3-symbol-logo.tradingview.com/puradelta-lestari--big.svg
DMMX,PT Digital Mediatama Maxima Tbk,Commercial Services,1219585089844,https://s3-symbol-logo.tradingview.com/digital-mediatama-maxima-tbk--big.svg
DMND,PT Diamond Food Indonesia Tbk,Consumer Non-Durables,5681015625000,https://s3-symbol-logo.tradingview.com/diamond-food-indonesia-tbk--big.svg
DNAR,PT Bank Oke Indonesia Tbk,Finance,2009638828125,https://s3-symbol-logo.tradingview.com/bank-oke-indonesia--big.svg
DNET,PT Indoritel Makmur Internasional Tbk.,Communications,140421590332031.02,https://s3-symbol-logo.tradingview.com/indoritel-makmur-internasional-tbk--big.svg
DOID,PT Buma Internasional Grup Tbk,Energy,1518975035156,https://s3-symbol-logo.tradingview.com/delta-dunia-makmur-tbk--big.svg
DOOH,PT Era Media Sejahtera Tbk,Commercial Services,2909823058594,https://s3-symbol-logo.tradingview.com/era-media-sejahtera--big.svg
DOSS,PT Global Sukses Digital Tbk,Retail Trade,288075000000,https://s3-symbol-logo.tradingview.com/global-sukses-digital-tbk-pt--big.svg
DPNS,Duta Pertiwi Nusantara,CHEMICALS,102650285120,https://storage.invezgo.com/icon/DPNS.png
DPUM,PT Dua Putra Utama Makmur Tbk,Distribution Services,499744804688,https://s3-symbol-logo.tradingview.com/dua-putra-makmur-tbk-pt--big.svg
DRMA,PT Dharma Polimetal Tbk,Producer Manufacturing,4352941149902,https://s3-symbol-logo.tradingview.com/dharma-polimetal-tbk--big.svg
DSFI,PT Dharma Samudera Fishing Industries Tbk,Consumer Non-Durables,185713549805,https://s3-symbol-logo.tradingview.com/dharma-samudera-fishing-industries--big.svg
DSNG,PT Dharma Satya Nusantara Tbk,Consumer Non-Cyclicals,16367425649414,https://s3-symbol-logo.tradingview.com/dharma-satya-nusantara-tbk--big.svg
DSSA,PT Dian Swastatika Sentosa Tbk,Energy,203233172421875,https://s3-symbol-logo.tradingview.com/sinarmas-multiartha-tbk--big.svg
DUCK,Jaya Bersama Indo Tbk,"OTHERS - TRADE, SERVICES & INVESTMENT",225866080000,https://storage.invezgo.com/icon/DUCK.png
DUTI,PT Duta Pertiwi Tbk,Finance,8880000000000,https://s3-symbol-logo.tradingview.com/duta-pertiwi--big.svg
DVLA,PT Darya-Varia Laboratoria Tbk,Health Technology,1769600000000,https://s3-symbol-logo.tradingview.com/darya-varia-laboratoria--big.svg
DWGL,PT Dwi Guna Laksana Tbk,Energy Minerals,1906081185547,https://s3-symbol-logo.tradingview.com/dwi-guna-laksana-tbk--big.svg
DYAN,PT Dyandra Media International Tbk,Commercial Services,320472326660,https://s3-symbol-logo.tradingview.com/dyandra-media-international-tbk--big.svg
EAST,PT Eastparc Hotel Tbk,Consumer Services,364893829102,https://s3-symbol-logo.tradingview.com/eastparc-hotel-tbk--big.svg
ECII,PT Electronic City Indonesia Tbk,Retail Trade,178703514404,https://s3-symbol-logo.tradingview.com/electronic-city-indonesia-tbk--big.svg
EDGE,Indointernet Tbk,Technology,9676997500000,https://storage.invezgo.com/icon/EDGE.png
EKAD,PT Ekadharma International Tbk,Process Industries,1271770500000,https://s3-symbol-logo.tradingview.com/ekadharma-international-tbk--big.svg
ELIT,PT Data Sinergitama Jaya Tbk,Technology Services,500950191406,https://s3-symbol-logo.tradingview.com/data-sinergitama-jaya-tbk--big.svg
ELPI,PT Pelayaran Nasional Ekalya Purnamasari Tbk,Transportation,5524163554688,https://s3-symbol-logo.tradingview.com/pelayaran-n-ekalya-purnamasa-tbk--big.svg
ELSA,PT Elnusa Tbk,Energy,4962980000000,https://s3-symbol-logo.tradingview.com/elnusa--big.svg
ELTY,PT Bakrieland Development Tbk,Finance,1610310675781,https://s3-symbol-logo.tradingview.com/pt-bakrie-sumatera-plantations-tbk--big.svg
EMAS,PT Merdeka Gold Resources Tbk,Non-Energy Minerals,110485246582031,https://s3-symbol-logo.tradingview.com/pt-merdeka-gold-resources-tbk--big.svg
EMDE,PT Megapolitan Developments Tbk,Finance,214400015625,https://s3-symbol-logo.tradingview.com/megapolitan-developments-tbk--big.svg
EMMI,PT Esa Medika Mandiri Tbk,Health Technology,,https://storage.invezgo.com/icon/EMMI.png
EMTK,PT Elang Mahkota Teknologi Tbk,Technology,24711804562500,https://s3-symbol-logo.tradingview.com/elang-mahkota-teknologi-tbk--big.svg
ENAK,PT Champ Resto Indonesia Tbk,Consumer Services,409500015381,https://s3-symbol-logo.tradingview.com/champ-resto-indonesia-tbk--big.svg
ENRG,PT Energi Mega Persada Tbk,Energy Minerals,35994958369141,https://s3-symbol-logo.tradingview.com/energi-mega-persada-tbk--big.svg
ENVY,Envy Technologies Indonesia Tbk,"OTHERS - TRADE, SERVICES & INVESTMENT",90000000000,https://storage.invezgo.com/icon/ENVY.png
ENZO,PT Morenzo Abadi Perkasa Tbk,Consumer Non-Durables,125427732910,https://s3-symbol-logo.tradingview.com/morenzo-abadi-perkasa-tbk--big.svg
EPAC,PT Megalestari Epack Sentosaraya Tbk,Technology Services,142046195801,https://s3-symbol-logo.tradingview.com/megalestari-epack-sentosaraya-tbk--big.svg
EPMT,PT Enseval Putera Megatrading Tbk.,Distribution Services,7150809316406,https://s3-symbol-logo.tradingview.com/enseval-putera-megatrading-tbk--big.svg
ERAA,PT Erajaya Swasembada Tbk,Consumer Cyclicals,9698060576172,https://s3-symbol-logo.tradingview.com/erajaya-swasembada--big.svg
ERAL,PT Sinar Eka Selaras Tbk,Retail Trade,1597750000000,https://s3-symbol-logo.tradingview.com/sinar-eka-selaras-tbk-pt--big.svg
ERTX,PT Eratex Djaja Tbk,Process Industries,205846367188,https://s3-symbol-logo.tradingview.com/eratex-djaja--big.svg
ESIP,PT Sinergi Inti Plastindo Tbk,Producer Manufacturing,105445616455,https://s3-symbol-logo.tradingview.com/sinergi-inti-plastindo-tbk--big.svg
ESSA,PT ESSA Industries Indonesia Tbk.,Basic Materials,9819376640625,https://s3-symbol-logo.tradingview.com/surya-esa-perkasa-tbk--big.svg
ESTA,PT Esta Multi Usaha Tbk,Consumer Services,337124240479,https://s3-symbol-logo.tradingview.com/esta-multi-usaha--big.svg
ESTI,PT Ever Shine Tex Tbk,Process Industries,290190058594,https://s3-symbol-logo.tradingview.com/ever-shine-textile--big.svg
ETWA,Eterindo Wahanatama Tbk,CHEMICALS,326806998000,https://storage.invezgo.com/icon/ETWA.png
EURO,PT Estee Gold Feet Tbk,Consumer Non-Durables,3568356982422,https://s3-symbol-logo.tradingview.com/estee-gold-feet-tbk--big.svg
EXCL,PT XLSMART Telecom Sejahtera Tbk,Infrastructures,41911191738281,https://s3-symbol-logo.tradingview.com/xl-axiata-tbk--big.svg
FAPA,PT FAP Agri Tbk,Consumer Non-Durables,26857647802734,https://s3-symbol-logo.tradingview.com/fap-agri-tbk--big.svg
FAST,PT Fast Food Indonesia Tbk,Consumer Cyclicals,1826242546875,https://s3-symbol-logo.tradingview.com/fastfood-indonesia--big.svg
FASW,Fajar Surya Wisesa Tbk,PULP & PAPER,16992122356325,https://storage.invezgo.com/icon/FASW.png
FILM,PT.MD Entertainment Tbk,Consumer Services,6689661865234,https://s3-symbol-logo.tradingview.com/md-pictures--big.svg
FIMP,Fimperkasa Utama Tbk,CONSTRUCTION,27600067275,https://storage.invezgo.com/icon/FIMP.png
FIRE,PT Alfa Energi Investama Tbk,Energy Minerals,155991952393,https://s3-symbol-logo.tradingview.com/alfa-energi-investama-tbk--big.svg
FISH,PT FKS Multi Agro Tbk,Consumer Non-Durables,3000000000000,https://s3-symbol-logo.tradingview.com/pt-fks-multi-agro-tbk--big.svg
FITT,PT Fortune Resources Investment Tbk,Consumer Services,550402772461,https://s3-symbol-logo.tradingview.com/hotel-fitra-international-tbk--big.svg
FLMC,PT Falmaco Nonwoven Industri Tbk,Process Industries,105468750000,https://s3-symbol-logo.tradingview.com/falmaco-nonwoven-industri-tbk--big.svg
FMII,PT Fortune Mate Indonesia Tbk,Finance,1587200000000,https://s3-symbol-logo.tradingview.com/fortune-mate-indonesia--big.svg
FOLK,PT Multi Garam Utama Tbk,Distribution Services,810088769531,https://s3-symbol-logo.tradingview.com/multi-garam-utama-tbk-pt--big.svg
FOOD,Sentra Food Indonesia Tbk,FOOD & BEVERAGES,114400000000,https://storage.invezgo.com/icon/FOOD.png
FORE,PT Fore Kopi Indonesia Tbk,Consumer Services,7134687500000,https://s3-symbol-logo.tradingview.com/fore-kopi-indonesia-tbk--big.svg
FORU,PT Fortune Indonesia Tbk,Commercial Services,65961828562500,https://s3-symbol-logo.tradingview.com/fortune-indonesia-tbk--big.svg
FPNI,PT Lotte Chemical Titan Tbk,Process Industries,2649613093750,https://s3-symbol-logo.tradingview.com/lotte-chemical--big.svg
FUJI,PT Fuji Finance Indonesia Tbk,Finance,369200000000,https://s3-symbol-logo.tradingview.com/fuji-finance-indonesia-tbk--big.svg
FUTR,PT Futura Energi Global Tbk,Commercial Services,1778327871094,https://s3-symbol-logo.tradingview.com/lini-imaji-kreasi-ekosistem-tbk--big.svg
FWCT,PT Wijaya Cahaya Timber Tbk,Non-Energy Minerals,137410000000,https://s3-symbol-logo.tradingview.com/wijaya-cahaya-timber-tbk--big.svg
GAMA,Aksara Global Development Tbk,PROPERTY AND REAL ESTATE,180198497808,https://storage.invezgo.com/icon/GAMA.png
GDST,PT Gunawan Dianjaya Steel Tbk,Non-Energy Minerals,892061440430,https://s3-symbol-logo.tradingview.com/gunawan-dianjaya-steel--big.svg
GDYR,PT Goodyear Indonesia Tbk,Consumer Durables,455100000000,https://s3-symbol-logo.tradingview.com/goodyear-tire-and-rubber--big.svg
GEMA,PT Gema Grahasarana Tbk,Producer Manufacturing,128000000000,https://s3-symbol-logo.tradingview.com/gema-grahasarana-tbk--big.svg
GEMS,PT Golden Energy Mines Tbk,Energy,42794118273926,https://s3-symbol-logo.tradingview.com/golden-energy--big.svg
GGRM,PT Gudang Garam Tbk,Consumer Non-Cyclicals,33286724731445,https://s3-symbol-logo.tradingview.com/gudang-garam-tbk--big.svg
GGRP,PT Gunung Raja Paksi Tbk,Non-Energy Minerals,4117867832031,https://s3-symbol-logo.tradingview.com/gunung-raja-paksi-tbk--big.svg
GHON,PT Gihon Telekomunikasi Indonesia Tbk,Communications,893750000000,https://s3-symbol-logo.tradingview.com/gihon-telekomunikasi-indonesia-tbk--big.svg
GIAA,PT. Garuda Indonesia (Persero) Tbk,Transportation & Logistic,22797136250056,https://s3-symbol-logo.tradingview.com/pt-garuda-indonesia-persero-tbk--big.svg
GJTL,PT. Gajah Tunggal Tbk,Industrials,4338088516846,https://s3-symbol-logo.tradingview.com/pt-gajah-tunggal-tbk-895-23-jun-2026--big.svg
GLOB,Globe Kita Terang Tbk,RETAIL TRADE,172222360000,https://storage.invezgo.com/icon/GLOB.png
GLVA,PT Galva Technologies Tbk,Distribution Services,486000000000,https://s3-symbol-logo.tradingview.com/galva-technologies-tbk--big.svg
GMFI,PT Garuda Maintenance Facility Aero Asia Tbk,Transportation,6366598148438,https://s3-symbol-logo.tradingview.com/garuda-maintenance-facility-aero-as--big.svg
GMTD,PT Gowa Makassar Tourism Development Tbk,Finance,1066149005126.9999,https://s3-symbol-logo.tradingview.com/gowa-makassar-tourism-develpoment--big.svg
GOLD,PT Visi Telekomunikasi Infrastruktur Tbk,Finance,347419072266,https://s3-symbol-logo.tradingview.com/visi-telekomunikasi-infrastruktur--big.svg
GOLF,PT Intra Golflink Resorts Tbk,Commercial Services,3254288880859,https://s3-symbol-logo.tradingview.com/intra-golflink-resorts-tbk--big.svg
GOLL,Golden Plantation Tbk,PLANTATION,183250037950,https://storage.invezgo.com/icon/GOLL.png
GOOD,PT Garudafood Putra Putri Jaya Tbk,Consumer Non-Durables,11186660742188,https://s3-symbol-logo.tradingview.com/garudafood-putra-putri-jaya-tbk--big.svg
GOTO,PT GoTo Gojek Tokopedia Tbk,Technology,45511823500000,https://s3-symbol-logo.tradingview.com/goto-gojek-tokopedia-rp-1--big.svg
GPRA,PT Perdana Gapuraprima Tbk,Consumer Durables,444772148438,https://s3-symbol-logo.tradingview.com/perdana-gapuraprima-tbk--big.svg
GPSO,PT Geoprima Solusi Tbk,Technology Services,158417661621,https://s3-symbol-logo.tradingview.com/geoprima-solusi-tbk--big.svg
GRIA,PT Ingria Pratama Capitalindo Tbk,Finance,1106358105469,https://s3-symbol-logo.tradingview.com/ingria-pratama-capitalindo--big.svg
GRPH,PT Griptha Putra Persada Tbk,Consumer Services,,https://s3-symbol-logo.tradingview.com/griptha-putra-persada--big.svg
GRPM,PT Graha Prima Mentari Tbk,Distribution Services,199601645500,https://s3-symbol-logo.tradingview.com/graha-prima-mentari-tbk--big.svg
GSMF,PT Equity Development Investment Tbk,Finance,1329286126953,https://s3-symbol-logo.tradingview.com/equity-development-investment-tbk--big.svg
GTBO,PT Garda Tujuh Buana Tbk,Energy Minerals,332500000000,https://s3-symbol-logo.tradingview.com/garda-tujuh-buana--big.svg
GTRA,PT Grahaprima Suksesmandiri Tbk,Transportation,473593750000,https://s3-symbol-logo.tradingview.com/grahaprima-suksesmandiri-tbk--big.svg
GTSI,PT GTS Internasional Tbk,Transportation,2183041675781,https://s3-symbol-logo.tradingview.com/gts-internasional-tbk--big.svg
GULA,PT Aman Agrindo Tbk,Process Industries,829530975342,https://s3-symbol-logo.tradingview.com/aman-agrindo-tbk--big.svg
GUNA,PT Gunanusa Eramandiri Tbk,Consumer Non-Durables,545000000000,https://s3-symbol-logo.tradingview.com/gunanusa-eramandiri-tbk--big.svg
GWSA,PT Greenwood Sejahtera Tbk,Finance,1193516244141,https://s3-symbol-logo.tradingview.com/greenwood-sejahtera-tbk--big.svg
GZCO,PT Gozco Plantations Tbk,Process Industries,1014000000000,https://s3-symbol-logo.tradingview.com/gozco-plantations-tbk--big.svg
HADE,PT Himalaya Energi Perkasa Tbk,Distribution Services,57240000000,https://s3-symbol-logo.tradingview.com/himalaya-energi-perkasa-tbk--big.svg
HAIS,PT Hasnur Internasional Shipping Tbk,Transportation & Logistic,456967500000,https://s3-symbol-logo.tradingview.com/hasnur-internasional-shipping-tbk--big.svg
HAJJ,PT Arsy Buana Travelindo Tbk,Consumer Services,251789813965,https://s3-symbol-logo.tradingview.com/arsy-buana-travelindo-tbk-pt--big.svg
HALO,PT Haloni Jane Tbk,Producer Manufacturing,376881198242,https://s3-symbol-logo.tradingview.com/haloni-jane-tbk--big.svg
HATM,PT Habco Trans Maritima Tbk,Transportation,5172600000000,https://s3-symbol-logo.tradingview.com/habco-trans-maritima-tbk--big.svg
HBAT,PT Minahasa Membangun Hebat Tbk,Finance,,https://s3-symbol-logo.tradingview.com/minahasa-membangun-hebat-tbk--big.svg
HDFA,PT Radana Bhaskara Finance Tbk,Finance,562650338867,https://s3-symbol-logo.tradingview.com/radana-bhaskara-finance--big.svg
HDIT,PT Hensel Davest Indonesia Tbk,Commercial Services,65561237061.00001,https://s3-symbol-logo.tradingview.com/hensel-davest-indonesia-tbk--big.svg
HEAL,PT Medikaloka Hermina Tbk,Healthcare,9544468623047,https://s3-symbol-logo.tradingview.com/medikaloka-hermina-tbk--big.svg
HELI,PT Jaya Trishindo Tbk,Transportation,208215591431,https://s3-symbol-logo.tradingview.com/jaya-trishindo-tbk--big.svg
HERO,PT DFI Retail Nusantara Tbk,Retail Trade,1330395544922,https://s3-symbol-logo.tradingview.com/hero-supermarket-tbk--big.svg
HEXA,PT Hexindo Adiperkasa Tbk,Industrials,3049200000000,https://s3-symbol-logo.tradingview.com/hexindo-adiperkasa-tbk--big.svg
HGII,PT Hero Global Investment Tbk,Utilities,903500000000,https://s3-symbol-logo.tradingview.com/hero-global-investment-tbk--big.svg
HILL,Hillcon Tbk,CONSTRUCTION,235864000000,https://storage.invezgo.com/icon/HILL.png
HITS,Humpuss Intermoda Transportasi Tbk,TRANSPORTATION,823725836916,https://storage.invezgo.com/icon/HITS.png
HKMU,Hk Metals Utama Tbk,METAL AND ALLIED PRODUCTS,161087500000,https://storage.invezgo.com/icon/HKMU.png
HMSP,PT Hanjaya Mandala Sampoerna Tbk,Consumer Non-Cyclicals,73861979609375,https://s3-symbol-logo.tradingview.com/h-m-sampoerna--big.svg
HOKI,PT Buyung Poetra Sembada Tbk,Process Industries,416143375977,https://s3-symbol-logo.tradingview.com/buyung-poetra-sembada-tbk--big.svg
HOME,Hotel Mandarine Regency Tbk,"RESTAURANT, HOTEL & TOURISM",1110609739100,https://storage.invezgo.com/icon/HOME.png
HOMI,PT Grand House Mulia Tbk,Finance,365400000000,https://s3-symbol-logo.tradingview.com/grand-house-mulia-tbk--big.svg
HOPE,PT Harapan Duta Pertiwi Tbk,Producer Manufacturing,575197294922,https://s3-symbol-logo.tradingview.com/harapan-duta-pertiwi-tbk--big.svg
HOTL,Saraswati Griya Lestari Tbk,"RESTAURANT, HOTEL & TOURISM",177500072600,https://storage.invezgo.com/icon/HOTL.png
HRME,PT Menteng Heritage Realty Tbk,Consumer Services,250267500000,https://s3-symbol-logo.tradingview.com/menteng-heritage-realty-tbk--big.svg
HRTA,PT Hartadinata Abadi Tbk,Consumer Durables,9947367421875,https://s3-symbol-logo.tradingview.com/hartadinata-abadi--big.svg
HRUM,PT Harum Energy Tbk,Energy,11878246157227,https://s3-symbol-logo.tradingview.com/harum-energy--big.svg
HUMI,PT Humpuss Maritim Internasional Tbk,Transportation,2095397492188,https://s3-symbol-logo.tradingview.com/humpuss-intermoda-transportasi-tbk--big.svg
HYGN,PT Ecocare Indo Pasifik Tbk,Commercial Services,454500000000,https://s3-symbol-logo.tradingview.com/ecocare-indo-pasifik-tbk--big.svg
IATA,PT MNC Energy Investments Tbk,Distribution Services,2939928027344,https://s3-symbol-logo.tradingview.com/indonesia-transport-and-infrastructure--big.svg
IBFN,Intan Baru Prana Tbk,"OTHERS - TRADE, SERVICES & INVESTMENT",95591937987,https://storage.invezgo.com/icon/IBFN.png
IBOS,PT Indo Boga Sukses Tbk,Consumer Services,685592111816,https://s3-symbol-logo.tradingview.com/indo-boga-sukses-tbk--big.svg
IBST,Inti Bangun Sejahtera Tbk,TELECOMUNICATION,11448919256325,https://storage.invezgo.com/icon/IBST.png
ICBP,PT Indofood CBP Sukses Makmur Tbk,Consumer Non-Cyclicals,77551689550781,https://s3-symbol-logo.tradingview.com/indofood-cbp--big.svg
ICON,PT Island Concepts Indonesia Tbk,Consumer Services,152565000000,https://s3-symbol-logo.tradingview.com/island-concepts-indonesia-tbk--big.svg
IDEA,PT Idea Indonesia Akademi Tbk,Commercial Services,157240750000,https://s3-symbol-logo.tradingview.com/idea-indonesia-akademi-tbk--big.svg
IDPR,PT Indonesia Pondasi Raya Tbk,Industrial Services,496744030273,https://s3-symbol-logo.tradingview.com/indonesia-pondasi-raya-tbk--big.svg
IFII,PT Indonesia Fibreboard Industry Tbk,Non-Energy Minerals,1995344000000,https://s3-symbol-logo.tradingview.com/indonesia-fibreboa--big.svg
IFSH,PT Ifishdeco Tbk,Non-Energy Minerals,2656250000000,https://s3-symbol-logo.tradingview.com/ifishdeco-tbk--big.svg
IGAR,PT Champion Pacific Indonesia Tbk,Process Industries,437912461914,https://s3-symbol-logo.tradingview.com/pt-champpacifindorp-50--big.svg
IIKP,Inti Agri Resources Tbk,FISHERY,1680000000000,https://storage.invezgo.com/icon/IIKP.png
IKAI,PT Intikeramik Alamasri Industri Tbk,Producer Manufacturing,319339195312,https://s3-symbol-logo.tradingview.com/intikeramik-alamasri-industri-tbk--big.svg
IKAN,PT Era Mandiri Cemerlang Tbk,Consumer Non-Durables,65833307617,https://s3-symbol-logo.tradingview.com/era-mandiri-cemerlang-tbk--big.svg
IKBI,PT Sumi Indo Kabel Tbk,Electronic Technology,660960000000,https://s3-symbol-logo.tradingview.com/sumi-indo-kabel--big.svg
IKPM,PT Ikapharmindo Putramas Tbk,Health Technology,301554583130,https://s3-symbol-logo.tradingview.com/ikapharmindo-putramas-tbk--big.svg
IMAS,PT Indomobil Sukses Internasional Tbk,Consumer Durables,3415118818359,https://s3-symbol-logo.tradingview.com/pt-indomobil-sukses-internasional-tbk--big.svg
IMJS,PT Indomobil Multi Jasa Tbk,Finance,1822675968750,https://s3-symbol-logo.tradingview.com/indomobil-multi-jasa--big.svg
IMPC,PT Impack Pratama Industri Tbk,Industrials,79889685000000,https://s3-symbol-logo.tradingview.com/impack-pratama-industri-tbk--big.svg
INAF,Indofarma Tbk,Healthcare,390507705000,https://storage.invezgo.com/icon/INAF.png
INAI,PT Indal Aluminium Industry Tbk,Non-Energy Minerals,91871996460,https://s3-symbol-logo.tradingview.com/indal-aluminium-industry--big.svg
INCF,Indo Komoditi Korpora Tbk,CONSTRUCTION,71918523250,https://storage.invezgo.com/icon/INCF.png
INCI,PT Intanwijaya Internasional Tbk,Process Industries,160933877563,https://s3-symbol-logo.tradingview.com/intan-wijaya-international--big.svg
INCO,PT Vale Indonesia Tbk,Basic Materials,46375054687500,https://s3-symbol-logo.tradingview.com/vale--big.svg
INDF,PT Indofood Sukses Makmur Tbk,Consumer Non-Cyclicals,58389831445312,https://s3-symbol-logo.tradingview.com/indofood--big.svg
INDO,PT Royalindo Investa Wijaya Tbk,Finance,752764605469,https://s3-symbol-logo.tradingview.com/royalindo-investa-wijaya-tbk--big.svg
INDR,PT. Indo-Rama Synthetics Tbk,Process Industries,1930337469482,https://s3-symbol-logo.tradingview.com/indo-rama-synthetics-tbk--big.svg
INDS,PT Indospring Tbk,Producer Manufacturing,1588124291016,https://s3-symbol-logo.tradingview.com/indospring--big.svg
INDX,Tanah Laut Tbk,OTHERS - MISCELLANENEOUS INDUSTRY,26274815280,https://storage.invezgo.com/icon/INDX.png
INDY,PT. Indika Energy Tbk,Energy,13735106601562,https://s3-symbol-logo.tradingview.com/indika-energy--big.svg
INET,PT Sinergi Inti Andalan Prima Tbk,Communications,6400152687500,https://s3-symbol-logo.tradingview.com/sinergi-inti-andalan-prima-tbk--big.svg
INKP,PT Indah Kiat Pulp & Paper Tbk,Basic Materials,43631088708496,https://s3-symbol-logo.tradingview.com/indah-kiat-pulp-and-paper--big.svg
INOV,PT Inocycle Technology Group Tbk,Process Industries,229644199829,https://s3-symbol-logo.tradingview.com/inocycle-technology-tbk--big.svg
INPC,PT Bank Artha Graha Internasional Tbk,Finance,2851501107422,https://s3-symbol-logo.tradingview.com/bank-artha-graha-internasional-tbk--big.svg
INPP,PT Indonesian Paradise Property Tbk,Consumer Services,7771469638672,https://s3-symbol-logo.tradingview.com/indonesian-paradise-property-tbk--big.svg
INPS,PT Indah Prakasa Sentosa Tbk,Utilities,692250000000,https://s3-symbol-logo.tradingview.com/indah-prakasa-sentosa-tbk--big.svg
INRU,Toba Pulp Lestari Tbk,PULP & PAPER,819441136970,https://storage.invezgo.com/icon/INRU.png
INTA,Intraco Penta Tbk,WHOLESALE (DURABLE & NON DURABLE GOODS),203980036342,https://storage.invezgo.com/icon/INTA.png
INTD,PT Inter Delta Tbk,Consumer Durables,242649456177,https://s3-symbol-logo.tradingview.com/inter-delta--big.svg
INTP,PT Indocement Tunggal Prakarsa Tbk,Basic Materials,17018124492188,https://s3-symbol-logo.tradingview.com/indocement-tunggal-prakarsa--big.svg
IOTF,PT Sumber Sinergi Makmur Tbk,Distribution Services,248643999023,https://s3-symbol-logo.tradingview.com/sumber-sinergi-makmur-tbk--big.svg
IPAC,Era Graharealty Tbk,PROPERTY AND REAL ESTATE,168126724500,https://storage.invezgo.com/icon/IPAC.png
IPCC,PT Indonesia Kendaraan Terminal Tbk,Infrastructures,1972947470703,https://s3-symbol-logo.tradingview.com/indonesia-kendaraan-terminal-tbk--big.svg
IPCM,PT Jasa Armada Indonesia Tbk,Transportation & Logistic,1498603101562,https://s3-symbol-logo.tradingview.com/indonesia-kendaraan-terminal-tbk--big.svg
IPOL,PT Indopoly Swakarsa Industry Tbk,Process Industries,728101871582,https://s3-symbol-logo.tradingview.com/indopoly-swakarsa-industry-tbk--big.svg
IPPE,Indo Pureco Pratama Tbk,PLANTATION,64400000000,https://storage.invezgo.com/icon/IPPE.png
IPTV,PT MNC Vision Networks Tbk,Consumer Services,970552921875,https://s3-symbol-logo.tradingview.com/mnc-investama--big.svg
IRRA,PT Itama Ranoraya Tbk,Distribution Services,519000000000,https://s3-symbol-logo.tradingview.com/itama-ranoraya--big.svg
IRSX,PT Folago Global Nusantara Tbk,Technology Services,2193046766602.0002,https://s3-symbol-logo.tradingview.com/aviana-sinar-abadi-tbk--big.svg
ISAP,PT Isra Presisi Indonesia Tbk,Producer Manufacturing,100509448242,https://s3-symbol-logo.tradingview.com/isra-presisi-indonesia-tbk--big.svg
ISAT,PT Indosat Tbk,Infrastructures,72241815627240,https://s3-symbol-logo.tradingview.com/indosat--big.svg
ISEA,PT Indo American Seafoods Tbk,Consumer Non-Durables,104251007080,https://s3-symbol-logo.tradingview.com/indo-american-seafoods-tbk--big.svg
ISSP,PT Steel Pipe Industry of Indonesia Tbk,Non-Energy Minerals,2783744283203,https://s3-symbol-logo.tradingview.com/steel-pipe-industry--big.svg
ITIC,PT Indonesian Tobacco Tbk,Consumer Non-Durables,187203274170,https://s3-symbol-logo.tradingview.com/indonesian-tobacco-tbk--big.svg
ITMA,PT Sumber Energi Andalan Tbk,Energy Minerals,1353717033997,https://s3-symbol-logo.tradingview.com/pt-sumber-energi-andalan-tbk--big.svg
ITMG,PT Indo Tambangraya Megah Tbk,Energy,28954329376221,https://s3-symbol-logo.tradingview.com/indo-tambangraya-megah--big.svg
JARR,PT Jhonlin Agro Raya Tbk,Process Industries,30461194628906,https://s3-symbol-logo.tradingview.com/jhonlin-agro-raya-tbk--big.svg
JAST,PT. Jasnita Telekomindo Tbk,Communications,85523488647,https://s3-symbol-logo.tradingview.com/jasnita-telekomindo-tbk--big.svg
JATI,PT Informasi Teknologi Indonesia Tbk,Technology Services,362139722168,https://s3-symbol-logo.tradingview.com/informasi-teknologi-indonesia--big.svg
JAWA,PT Jaya Agra Wattie Tbk,Process Industries,2743368913086,https://s3-symbol-logo.tradingview.com/jaya-agra-wattie-tbk--big.svg
JAYA,PT Armada Berjaya Trans Tbk,Transportation,119774908447,https://s3-symbol-logo.tradingview.com/armada-berjaya--big.svg
JECC,PT Jembo Cable Company Tbk,Producer Manufacturing,536760000000,https://s3-symbol-logo.tradingview.com/jembo-cable-co--big.svg
JECX,PT Nitrasanata Dharma,Health Services,4586937834000,https://s3-symbol-logo.tradingview.com/pt-nitrasanata-dharma--big.svg
JELI,PT Niramas Utama Tbk.,Consumer Non-Durables,,https://s3-symbol-logo.tradingview.com/pt-niramas-utama--big.svg
JGLE,PT Graha Andrasentra Propertindo Tbk,Finance,1129095507812,https://s3-symbol-logo.tradingview.com/graha-andrasentra-propertindo--big.svg
JIHD,PT Jakarta International Hotels & Development Tbk,Finance,931616210938,https://s3-symbol-logo.tradingview.com/jakarta-interl-hotels-and-development--big.svg
JKON,PT Jaya Konstruksi Manggala Pratama Tbk,Industrial Services,1304681562500,https://s3-symbol-logo.tradingview.com/jaya-konstruksi-manggala-pratama-tb--big.svg
JMAS,Asuransi Jiwa Syariah Jasa Mitra Abadi Tbk,INSURANCE,228000000000,https://storage.invezgo.com/icon/JMAS.png
JPFA,PT Japfa Comfeed Indonesia Tbk,Consumer Non-Cyclicals,24054038789062,https://s3-symbol-logo.tradingview.com/japfa-comfeed-indonesia--big.svg
JRPT,"PT Jaya Real Property, Tbk.",Finance,14418392285156,https://s3-symbol-logo.tradingview.com/jaya-real-property-tbk--big.svg
JSKY,Sky Energy Indonesia Tbk,ENERGY,105692080000,https://storage.invezgo.com/icon/JSKY.png
JSMR,PT Jasa Marga (Persero) Tbk,Infrastructures,19523674558354,https://s3-symbol-logo.tradingview.com/jasa-marga-persero--big.svg
JSPT,PT Jakarta Setiabudi Internasional Tbk,Consumer Services,3118699704590,https://s3-symbol-logo.tradingview.com/jakarta-setiabudi-internasional--big.svg
JTPE,PT Jasuindo Tiga Perkasa Tbk,Commercial Services,4008449135742,https://s3-symbol-logo.tradingview.com/jasuindo-tiga-perkasa--big.svg
KAEF,PT Kimia Farma Tbk,Healthcare,2271168457439,https://s3-symbol-logo.tradingview.com/kimia-farma--big.svg
KAQI,PT Jantra Grupo Indonesia Tbk,Consumer Services,,https://s3-symbol-logo.tradingview.com/jantra-grupo-indonesia--big.svg
KARW,Meratus Jasa Prima Tbk,TRANSPORTATION,124476372400,https://storage.invezgo.com/icon/KARW.png
KAYU,Darmi Bersaudara Tbk,WOOD INDUSTRIES,11970000000,https://storage.invezgo.com/icon/KAYU.png
KBAG,PT Karya Bersama Anugerah Tbk,Finance,300300102539,https://s3-symbol-logo.tradingview.com/karya-bersama-anugerah--big.svg
KBLI,PT KMI Wire and Cable Tbk,Producer Manufacturing,1394517817383,https://s3-symbol-logo.tradingview.com/kmi-wire-and-cable--big.svg
KBLM,PT Kabelindo Murni Tbk,Producer Manufacturing,374080000000,https://s3-symbol-logo.tradingview.com/kabelindo-murni--big.svg
KBLV,PT First Media Tbk,Consumer Services,174216784668,https://s3-symbol-logo.tradingview.com/first-media-tbk--big.svg
KBRI,Kertas Basuki Rachmat Indonesia Tbk,PULP & PAPER,434399786700,https://storage.invezgo.com/icon/KBRI.png
KDSI,PT Kedawung Setia Industrial Tbk,Process Industries,751680000000,https://s3-symbol-logo.tradingview.com/kedawung-setia-industrial--big.svg
KDTN,PT Puri Sentul Permai Tbk,Consumer Services,502509366600,https://s3-symbol-logo.tradingview.com/puri-sentul-permai-tbk--big.svg
KEEN,PT Kencana Energi Lestari Tbk,Utilities,3061370937500,https://s3-symbol-logo.tradingview.com/kencana-energi-lestari-tbk-p--big.svg
KEJU,PT Mulia Boga Raya Tbk,Consumer Non-Durables,3346875000000,https://s3-symbol-logo.tradingview.com/mulia-boga-raya-tbk--big.svg
KETR,PT Ketrosden Triasmitra,Industrial Services,2855469008789,https://s3-symbol-logo.tradingview.com/ketrosden-triasmitra-tbk--big.svg
KIAS,Keramika Indonesia Assosiasi Tbk,"CERAMICS, GLASS, PORCELAIN",313511100000,https://storage.invezgo.com/icon/KIAS.png
KICI,PT Kedaung Indah Can Tbk,Consumer Durables,81144000000,https://s3-symbol-logo.tradingview.com/kedaung-indah-can--big.svg
KIJA,PT Kawasan Industri Jababeka Tbk,Finance,3511038796875,https://s3-symbol-logo.tradingview.com/pt-kawasan-industri-jababeka-tbk-80-15-dec-2027--big.svg
KING,PT Hoffmen Cleanindo Tbk,Commercial Services,874558371094,https://s3-symbol-logo.tradingview.com/hoffmen-cleanindo-tbk--big.svg
KINO,PT Kino Indonesia Tbk,Consumer Non-Durables,1921428712158,https://s3-symbol-logo.tradingview.com/kino-indonesia-tbk--big.svg
KIOS,PT Kioson Komersial Indonesia Tbk,Technology,76386275635,https://s3-symbol-logo.tradingview.com/kioson-komersial-indonesia-tbk--big.svg
KJEN,PT Krida Jaringan Nusantara Tbk,Transportation,84000000000,https://s3-symbol-logo.tradingview.com/krida-jaringan-nusantara-tbk--big.svg
KKES,PT Kusuma Kemindo Sentosa Tbk,Distribution Services,,https://s3-symbol-logo.tradingview.com/kusuma-kemindo-sentosa-tbk--big.svg
KKGI,PT Resource Alam Indonesia Tbk,Energy Minerals,1342327454102,https://s3-symbol-logo.tradingview.com/resource-alam-indonesia--big.svg
KLAS,PT Pelayaran Kurnia Lautan Semesta Tbk,Transportation,247820289062,https://s3-symbol-logo.tradingview.com/pelayaran-kurnia-lautan-semesta-tbk--big.svg
KLBF,PT Kalbe Farma Tbk.,Healthcare,33704074687500,https://s3-symbol-logo.tradingview.com/kalbe-farma--big.svg
KLIN,PT Klinko Karya Imaji Tbk,Consumer Non-Durables,,https://s3-symbol-logo.tradingview.com/klinko-karya-imaji-tbk--big.svg
KMDS,"PT Kurniamitra Duta Sentosa, Tbk",Distribution Services,416000000000,https://s3-symbol-logo.tradingview.com/kurniamitra-duta-sentosa-tbk--big.svg
KMTR,PT Kirana Megatara Tbk,Producer Manufacturing,2053841552734,https://s3-symbol-logo.tradingview.com/kirana-megatara--big.svg
KOBX,PT Kobexindo Tractors Tbk,Distribution Services,386325000000,https://s3-symbol-logo.tradingview.com/kobexindo-tractors-tbk--big.svg
KOCI,PT Kokoh Exa Nusantara Tbk,Finance,446845360000,https://s3-symbol-logo.tradingview.com/kokoh-exa-nusantara-tbk--big.svg
KOIN,Kokoh Inti Arebama Tbk,RETAIL TRADE,76505811096,https://storage.invezgo.com/icon/KOIN.png
KOKA,PT Koka Indonesia Tbk,Industrial Services,426338618164,https://s3-symbol-logo.tradingview.com/koka-indonesia-tbk--big.svg
KONI,PT Perdana Bangun Pusaka Tbk,Retail Trade,606840000000,https://s3-symbol-logo.tradingview.com/perdana-bangun-pusaka--big.svg
KOPI,PT Mitra Energi Persada Tbk,Distribution Services,137361532532.00002,https://s3-symbol-logo.tradingview.com/mitra-energi-persada-tbk--big.svg
KOTA,PT DMS Propertindo Tbk,Finance,1792851542969,https://s3-symbol-logo.tradingview.com/dms-propertindo-tbk--big.svg
KPIG,PT MNC Tourism Indonesia Tbk,Finance,4614452281250,https://s3-symbol-logo.tradingview.com/mnc-land-tbk--big.svg
KRAS,PT Krakatau Steel (Persero) Tbk,Industrials,4140129199419,https://s3-symbol-logo.tradingview.com/krakatau-steel-persero--big.svg
KREN,PT Quantum Clovera Investama Tbk,Finance,345910994141,https://s3-symbol-logo.tradingview.com/quantum-clovera-investama-tbk--big.svg
KRYA,PT Bangun Karya Perkasa Jaya Tbk,Producer Manufacturing,76541400146,https://s3-symbol-logo.tradingview.com/bangun-karya-perkasa-jaya-tbk--big.svg
KSIX,PT Kentanix Supra International Tbk,Consumer Durables,803824751953,https://s3-symbol-logo.tradingview.com/kentanix-supra-international-tbk--big.svg
KUAS,PT Ace Oldfields Tbk,Producer Manufacturing,108595880400,https://s3-symbol-logo.tradingview.com/ace-oldfields-tbk--big.svg
LABA,PT Green Power Group Tbk,Non-Energy Minerals,110340246582,https://s3-symbol-logo.tradingview.com/green-power-tbk--big.svg
LABS,PT UBC Medical Indonesia Tbk,Distribution Services,576700000000,https://s3-symbol-logo.tradingview.com/ubc-medical-indonesia-tbk--big.svg
LAJU,PT Jasa Berdikari Logistics Tbk,Transportation,118246871338,https://s3-symbol-logo.tradingview.com/jasa-berdikari-logistics-tbk--big.svg
LAND,PT Trimitra Propertindo Tbk,Consumer Durables,156386726562,https://s3-symbol-logo.tradingview.com/trimitra-propertindo-tbk--big.svg
LAPD,PT Leyand International Tbk,Utilities,289543557129,https://s3-symbol-logo.tradingview.com/leyand-international-tbk--big.svg
LCGP,Eureka Prima Jakarta Tbk,PROPERTY AND REAL ESTATE,641820104196,https://storage.invezgo.com/icon/LCGP.png
LCKM,Lck Global Kedaton Tbk,RETAIL TRADE,109000000000,https://storage.invezgo.com/icon/LCKM.png
LEAD,PT Logindo Samudramakmur Tbk.,Industrial Services,549455554199,https://s3-symbol-logo.tradingview.com/logindo-samudramakmur-tbk--big.svg
LFLO,PT Imago Mulia Persada Tbk,Commercial Services,719254174805,https://s3-symbol-logo.tradingview.com/imago-mulia-persada-tbk--big.svg
LIFE,PT MSIG Life Insurance Indonesia Tbk,Finance,18112500000000,https://s3-symbol-logo.tradingview.com/msig-life-insurance-indonesia-tbk--big.svg
LINK,PT Link Net Tbk,Communications,4319982255858.9995,https://s3-symbol-logo.tradingview.com/link-net-tbk--big.svg
LION,PT Lion Metal Works Tbk,Producer Manufacturing,178935030762,https://s3-symbol-logo.tradingview.com/lion-metal-works--big.svg
LIVE,PT Homeco Victoria Makmur Tbk,Distribution Services,693543737305,https://s3-symbol-logo.tradingview.com/homeco-victoria-makmur-tbk--big.svg
LMAS,Limas Indonesia Makmur Tbk,COMPUTER AND SERVICES,39392576250,https://storage.invezgo.com/icon/LMAS.png
LMAX,PT Lupromax Pelumas Indonesia Tbk,Process Industries,,https://s3-symbol-logo.tradingview.com/lupromax-pelumas-indonesia-pt--big.svg
LMPI,PT Langgeng Makmur Industri Tbk,Consumer Durables,162371349731,https://s3-symbol-logo.tradingview.com/langgeng-makmur-industri--big.svg
LMSH,Lionmesh Prima Tbk,METAL AND ALLIED PRODUCTS,24576000000,https://storage.invezgo.com/icon/LMSH.png
LOPI,PT Logisticsplus International Tbk,Transportation,,https://s3-symbol-logo.tradingview.com/logisticsplus-international-tbk--big.svg
LPCK,PT Lippo Cikarang Tbk,Finance,2567342773438,https://s3-symbol-logo.tradingview.com/pt-lippo-cikarang--big.svg
LPGI,PT Lippo General Insurance Tbk,Finance,1935000000000,https://s3-symbol-logo.tradingview.com/lippo-general-insurance--big.svg
LPIN,PT Multi Prima Sejahtera Tbk,Electronic Technology,187000000000,https://s3-symbol-logo.tradingview.com/multi-prima-sejahtera-tbk--big.svg
LPKR,PT Lippo Karawaci Tbk,Properties & Real Estate,3045654726562,https://s3-symbol-logo.tradingview.com/lippo-karawaci--big.svg
LPLI,PT Star Pacific Tbk,Technology Services,250472606201,https://s3-symbol-logo.tradingview.com/pt-star-pacific-tbk--big.svg
LPPF,PT MDS Retailing Tbk,Consumer Cyclicals,3462182611084,https://s3-symbol-logo.tradingview.com/matahari-department-store-tbk--big.svg
LPPS,PT Lenox Pasifik Investama Tbk,Finance,150118500000,https://s3-symbol-logo.tradingview.com/lenox-pasifik-investama--big.svg
LRNA,PT Eka Sari Lorena Transport Tbk,Transportation,72800006348,https://s3-symbol-logo.tradingview.com/eka-sari-lorena-transport-tbk--big.svg
LSIP,PT Perusahaan Perkebunan London Sumatra Indonesia Tbk,Consumer Non-Cyclicals,10225595947266,https://s3-symbol-logo.tradingview.com/pp-london-sumatra-indonesia--big.svg
LTLS,PT Lautan Luas Tbk,Distribution Services,1424297838135,https://s3-symbol-logo.tradingview.com/lautan-luas--big.svg
LUCK,PT Sentral Mitra Informatika Tbk,Distribution Services,76585210815,https://s3-symbol-logo.tradingview.com/sentral-mitra-informatika--big.svg
LUCY,PT Lima Dua Lima Tiga Tbk,Commercial Services,390810660000,https://s3-symbol-logo.tradingview.com/lima-dua-lima-tiga-tbk--big.svg
MABA,Marga Abhinaya Abadi Tbk,PROPERTY AND REAL ESTATE,768261495600,https://storage.invezgo.com/icon/MABA.png
MAGP,Multi Agro Gemilang Plantation Tbk,PLANTATION,450000000200,https://storage.invezgo.com/icon/MAGP.png
MAHA,PT Mandiri Herindo Adiperkasa Tbk,Energy Minerals,2263718964844,https://s3-symbol-logo.tradingview.com/mandiri-herindo-adiperkasa-tbk--big.svg
MAIN,PT Malindo Feedmill Tbk,Process Industries,1399218750000,https://s3-symbol-logo.tradingview.com/malindo-feedmill-tbk-pt--big.svg
MANG,PT Manggung Polahraya Tbk,Consumer Durables,137253814453,https://s3-symbol-logo.tradingview.com/manggung-polahraya--big.svg
MAPA,PT Map Aktif Adiperkasa Tbk,Consumer Cyclicals,18242560000000,https://s3-symbol-logo.tradingview.com/map-aktif-adiperkasa-tbk--big.svg
MAPB,PT Map Boga Adiperkasa Tbk,Consumer Services,2865507714844,https://s3-symbol-logo.tradingview.com/map-boga-adiperkasa-tbk--big.svg
MAPI,PT. Mitra Adiperkasa Tbk,Consumer Cyclicals,25636400585938,https://s3-symbol-logo.tradingview.com/mitra-adiperkasa--big.svg
MARI,Mahaka Radio Integra Tbk,"ADVERTISING,PRINTING and MEDIA",120810812000,https://storage.invezgo.com/icon/MARI.png
MARK,PT Mark Dynamics Indonesia Tbk,Industrials,4465000286865,https://s3-symbol-logo.tradingview.com/mark-dynamics-indonesia--big.svg
MASB,PT Bank Multiarta Sentosa Tbk,Finance,4598595234375,https://s3-symbol-logo.tradingview.com/bank-multiarta-sentosa-tbk--big.svg
MAXI,PT Maxindo Karya Anugerah Tbk,Consumer Non-Durables,413234283203,https://s3-symbol-logo.tradingview.com/maxindo-karya-anugerah-tbk--big.svg
MAYA,PT Bank Mayapada Internasional Tbk,Finance,5390578628906,https://s3-symbol-logo.tradingview.com/bank-mayapada-internasional-tbk--big.svg
MBAP,PT Mitrabara Adiperdana Tbk,Energy,2061816708984,https://s3-symbol-logo.tradingview.com/mitrabara-adiperdana-tbk--big.svg
MBMA,PT Merdeka Battery Materials Tbk.,Basic Materials,53565725375000,https://s3-symbol-logo.tradingview.com/merdeka-battery-materials-tbk--big.svg
MBSS,PT Mitrabahtera Segara Sejati Tbk,Transportation,5057576906738,https://s3-symbol-logo.tradingview.com/mitrabahtera-segara-sejati-tbk-pt--big.svg
MBTO,PT Martina Berto Tbk,Consumer Non-Durables,188320000000,https://s3-symbol-logo.tradingview.com/martina-berto-tbk--big.svg
MCAS,PT M Cash Integrasi Tbk,Technology Services,190945323486,https://s3-symbol-logo.tradingview.com/m-cash-integrasi-tbk--big.svg
MCOL,PT Prima Andalan Mandiri Tbk,Energy Minerals,12764460610352,https://s3-symbol-logo.tradingview.com/prima-andalan-mandiri-tbk--big.svg
MCOR,PT Bank China Construction Bank Indonesia Tbk,Finance,2464782480469,https://s3-symbol-logo.tradingview.com/china-construction-bank--big.svg
MDIA,PT Intermedia Capital Tbk,Consumer Services,6196055171875,https://s3-symbol-logo.tradingview.com/intermedia-capital-tbk--big.svg
MDIY,PT Daya Intiguna Yasa Tbk,Retail Trade,23804920986328,https://s3-symbol-logo.tradingview.com/daya-intiguna-yasa--big.svg
MDKA,PT Merdeka Copper Gold Tbk,Basic Materials,71267824062500,https://s3-symbol-logo.tradingview.com/merdeka-copper-gold--big.svg
MDKI,PT Emdeki Utama Tbk,Process Industries,480728481445,https://s3-symbol-logo.tradingview.com/pt-emdeki-utama-tbk--big.svg
MDLA,PT Medela Potentia Tbk,Distribution Services,2858616339844,https://s3-symbol-logo.tradingview.com/medela-potentia-tbk--big.svg
MDLN,PT Modernland Realty Tbk,Finance,513734647461,https://s3-symbol-logo.tradingview.com/pt-modernland-realty-ltd--big.svg
MDRN,Modern Internasional Tbk,WHOLESALE (DURABLE & NON DURABLE GOODS),198436362748,https://storage.invezgo.com/icon/MDRN.png
MEDC,PT Medco Energi Internasional Tbk,Energy,37473550283203,https://s3-symbol-logo.tradingview.com/medco-energi--big.svg
MEDS,PT Hetzer Medical Indonesia Tbk,Health Technology,110937500000,https://s3-symbol-logo.tradingview.com/hetzer-medical-indonesia-tbk--big.svg
MEGA,PT Bank Mega Tbk,Financials,44498097607422,https://s3-symbol-logo.tradingview.com/bank-mega-tbk--big.svg
MEJA,PT Harta Djaya Karya Tbk,Commercial Services,409468725586,https://s3-symbol-logo.tradingview.com/harta-djaya-karya-tbk--big.svg
MENN,Menn Teknologi Indonesia Tbk,COMPUTER AND SERVICES,76004756318,https://storage.invezgo.com/icon/MENN.png
MERI,PT Merry Riana Edukasi Tbk,Commercial Services,107653774414,https://s3-symbol-logo.tradingview.com/merry-riana-edukasi-tbk--big.svg
MERK,PT Merck Tbk,Health Technology,1697920000000,https://s3-symbol-logo.tradingview.com/merck-indonesia--big.svg
META,Nusantara Infrastructure Tbk,Infrastructures,4215148550172,https://storage.invezgo.com/icon/META.png
MFMI,Multifiling Mitra Indonesia Tbk,"OTHERS - TRADE, SERVICES & INVESTMENT",984855300000,https://storage.invezgo.com/icon/MFMI.png
MGLV,PT NexAI Digital Infrastruktur Tbk,Consumer Durables,28573251342773,https://s3-symbol-logo.tradingview.com/panca-anugrah-wisesa-tbk--big.svg
MGNA,PT Magna Investama Mandiri Tbk,Finance,566255341797,https://s3-symbol-logo.tradingview.com/magna-investama-mandiri-tbk--big.svg
MGRO,PT Mahkota Group Tbk,Process Industries,2555835278320,https://s3-symbol-logo.tradingview.com/mahkota-tbk--big.svg
MHKI,PT Multi Hanna Kreasindo Tbk,Industrial Services,438750000000,https://s3-symbol-logo.tradingview.com/multihanna-kreasindo--big.svg
MICE,PT Multi Indocitra Tbk,Distribution Services,298911515808,https://s3-symbol-logo.tradingview.com/pt-multi-indocitra-tbk--big.svg
MIDI,PT Midi Utama Indonesia Tbk,Consumer Non-Cyclicals,8626305585937.999,https://s3-symbol-logo.tradingview.com/midi-utama-indonesia-tbk--big.svg
MIKA,PT Mitra Keluarga Karyasehat Tbk,Healthcare,23161319311523,https://s3-symbol-logo.tradingview.com/mitra-keluarga-karyasehat--big.svg
MINA,PT Sanurhasta Mitra Tbk,Consumer Services,2047500000000,https://s3-symbol-logo.tradingview.com/sanurhasta-mitra-tbk--big.svg
MINE,PT SINAR TERANG MANDIRI Tbk,Non-Energy Minerals,1078290919922,https://s3-symbol-logo.tradingview.com/sinar-terang-mandiri-tbk--big.svg
MIRA,PT Mitra International Resources Tbk,Industrial Services,126766460938,https://s3-symbol-logo.tradingview.com/mitra-international-resources-tbk--big.svg
MITI,PT Mitra Investindo Tbk,Transportation,982637972168,https://s3-symbol-logo.tradingview.com/mitra-investindo--big.svg
MKAP,PT Multikarya Asia Pasifik Raya Tbk,Producer Manufacturing,3656250000000,https://s3-symbol-logo.tradingview.com/multikarya-asia-pasifik-raya-tbk--big.svg
MKNT,Mitra Komunikasi Nusantara Tbk,RETAIL TRADE,5500000000,https://storage.invezgo.com/icon/MKNT.png
MKPI,PT Metropolitan Kentjana Tbk,Finance,20362465499878,https://s3-symbol-logo.tradingview.com/metropolitan-kentjana-tbk--big.svg
MKTR,PT Menthobi Karyatama Raya Tbk,Commercial Services,1483432731445,https://s3-symbol-logo.tradingview.com/menthobi-karyatama-raya-tbk--big.svg
MLBI,PT Multi Bintang Indonesia Tbk,Consumer Non-Durables,14380275000000,https://s3-symbol-logo.tradingview.com/multi-bintang-indonesia-tbk--big.svg
MLIA,PT Mulia Industrindo Tbk,Process Industries,1389150000000,https://s3-symbol-logo.tradingview.com/mulia-industrindo--big.svg
MLPL,PT Multipolar Tbk,Retail Trade,1128119343750,https://s3-symbol-logo.tradingview.com/multipolar-tbk--big.svg
MLPT,PT Multipolar Technology Tbk,Technology,45234375000000,https://s3-symbol-logo.tradingview.com/multipolar-tbk--big.svg
MMIX,PT Multi Medika Internasional Tbk,Distribution Services,4296380637206.9995,https://s3-symbol-logo.tradingview.com/multimedika-internasional-tbk--big.svg
MMLP,PT Mega Manunggal Property Tbk,Finance,2039183746094,https://s3-symbol-logo.tradingview.com/mega-manunggal-property-tbk-pt--big.svg
MNCN,PT. Media Nusantara Citra Tbk,Consumer Cyclicals,2449010187086,https://s3-symbol-logo.tradingview.com/media-nusantara-citra-tbk--big.svg
MOLI,PT Madusari Murni Indah Tbk,Process Industries,980653183594,https://s3-symbol-logo.tradingview.com/madusari-murni-indah-tbk--big.svg
MORA,PT Mora Telematika Indonesia Tbk,Communications,217372570898438,https://s3-symbol-logo.tradingview.com/mora-telematika-indonesia-tbk--big.svg
MPIX,PT Mitra Pedagang Indonesia Tbk,Commercial Services,310952269531,https://s3-symbol-logo.tradingview.com/mitra-pedagang-indonesia-tbk--big.svg
MPMX,PT Mitra Pinasthika Mustika Tbk,Distribution Services,4303316513672,https://s3-symbol-logo.tradingview.com/mitra-pinasthika-mustika--big.svg
MPOW,PT Megapower Makmur Tbk,Utilities,81699707031,https://s3-symbol-logo.tradingview.com/megapower-makmur-tbk-pt--big.svg
MPPA,PT Matahari Putra Prima Tbk,Retail Trade,1184010488281,https://s3-symbol-logo.tradingview.com/matahari-putra-prima-tbk--big.svg
MPRO,PT Maha Properti Indonesia Tbk,Finance,119310000000000,https://s3-symbol-logo.tradingview.com/maha-properti-indonesia-tbk--big.svg
MPXL,PT MPX Logistics International Tbk,Transportation,444003251953,https://s3-symbol-logo.tradingview.com/mpx-logistics-international-tbk--big.svg
MRAT,PT Mustika Ratu Tbk,Distribution Services,153224000000,https://s3-symbol-logo.tradingview.com/mustika-ratu--big.svg
MREI,Maskapai Reasuransi Indonesia Tbk,INSURANCE,476368346520,https://storage.invezgo.com/icon/MREI.png
MSIE,PT Multisarana Intan Eduka Tbk,Finance,,https://s3-symbol-logo.tradingview.com/multisarana-intan-eduka-tbk--big.svg
MSIN,PT MNC Digital Entertainment Tbk,Consumer Services,10646826437500,https://s3-symbol-logo.tradingview.com/mnc-studios--big.svg
MSJA,PT Multi Spunindo Jaya Tbk,Process Industries,4815068671875,https://s3-symbol-logo.tradingview.com/multi-spunindo-jaya--big.svg
MSKY,PT MNC Sky Vision Tbk,Communications,91741042236,https://s3-symbol-logo.tradingview.com/mnc-investama--big.svg
MSTI,PT Mastersystem Infotama Tbk,Technology Services,4206817788086,https://s3-symbol-logo.tradingview.com/mastersystem-infotam--big.svg
MTDL,PT Metrodata Electronics Tbk,Technology,6113888126953,https://s3-symbol-logo.tradingview.com/metrodata-electronics--big.svg
MTEL,PT Dayamitra Telekomunikasi Tbk.,Communications,37936094578125,https://s3-symbol-logo.tradingview.com/dayamitra-telekomunikasi--big.svg
MTFN,Capitalinc Investment Tbk,INVESTMENT COMPANY,413947077076,https://storage.invezgo.com/icon/MTFN.png
MTLA,PT Metropolitan Land Tbk,Properties & Real Estate,4707902775879,https://s3-symbol-logo.tradingview.com/metropolitan-land-tbk--big.svg
MTMH,PT Murni Sadar Tbk,Health Services,1982200744629,https://s3-symbol-logo.tradingview.com/murni-sadar-tbk--big.svg
MTPS,Meta Epsi Tbk,CONSTRUCTION,168872917149,https://storage.invezgo.com/icon/MTPS.png
MTRA,Mitra Pemuda Tbk,BUILDING CONSTRUCTION,187880000000,https://storage.invezgo.com/icon/MTRA.png
MTSM,"Metro Realty Tbk, PT",PROPERTY AND REAL ESTATE,116424000000,https://storage.invezgo.com/icon/MTSM.png
MTWI,PT Malacca Trust Wuwungan Insurance Tbk,Finance,760366572266,https://s3-symbol-logo.tradingview.com/malacca-trust-wuwungan-insurance--big.svg
MUTU,PT Mutuagung Lestari Tbk,Commercial Services,403910793457,https://s3-symbol-logo.tradingview.com/mutuagung-lestari-tbk--big.svg
MYOH,PT Samindo Resources Tbk,Energy Minerals,2239407187500,https://s3-symbol-logo.tradingview.com/samindo-resources--big.svg
MYOR,PT Mayora Indah Tbk,Consumer Non-Cyclicals,31413972402344,https://s3-symbol-logo.tradingview.com/mayora-indah-tbk--big.svg
MYTX,Asia Pacific Investama Tbk,"TEXTILE, GARMENT",317638559909,https://storage.invezgo.com/icon/MYTX.png
NAIK,PT Adiwarna Anugerah Abadi Tbk,Commercial Services,276342035889,https://s3-symbol-logo.tradingview.com/adiwarna-anugerah-abadi-tbk--big.svg
NANO,PT Nanotech Indonesia Global Tbk,Commercial Services,132848653320.00002,https://s3-symbol-logo.tradingview.com/nanotech-indonesia-global-tbk--big.svg
NASA,PT Andalan Perkasa Abadi Tbk,Finance,440197148438,https://s3-symbol-logo.tradingview.com/andalan-perkasa-abadi-tbk--big.svg
NASI,PT Wahana Inti Makmur Tbk,Consumer Non-Durables,149369004517,https://s3-symbol-logo.tradingview.com/wahana-inti-makmur-tbk--big.svg
NATO,PT Olympus Strategic Indonesia Tbk,Consumer Services,8001111328125,https://s3-symbol-logo.tradingview.com/surya-permata-andalan-tbk--big.svg
NAYZ,PT Hassana Boga Sejahtera Tbk,Consumer Non-Durables,160650724500,https://s3-symbol-logo.tradingview.com/hassana-boga-sejahtera-tbk--big.svg
NCKL,PT Trimegah Bangun Persada Tbk,Basic Materials,55842262382812,https://s3-symbol-logo.tradingview.com/trimegah-bangun-persada-tbk--big.svg
NELY,PT Pelayaran Nelly Dwi Putri Tbk,Transportation & Logistic,453550047119,https://s3-symbol-logo.tradingview.com/pelayaran-nelly-dwi-putri-tbk--big.svg
NEST,PT Esta Indonesia Tbk,Process Industries,3125500000000,https://s3-symbol-logo.tradingview.com/esta-indonesia-tbk-pt--big.svg
NETV,PT MDTV Media Technologies Tbk,Commercial Services,1778502171875,https://s3-symbol-logo.tradingview.com/net-visi-media-tbk--big.svg
NFCX,PT NFC Indonesia Tbk,Technology Services,1139349143066,https://s3-symbol-logo.tradingview.com/nfc-indonesia-tbk--big.svg
NICE,PT Adhi Kartiko Pratama Tbk,Non-Energy Minerals,2007066606445,https://s3-symbol-logo.tradingview.com/adhi-kartiko-pratama--big.svg
NICK,PT Charnic Capital Tbk,Finance,1836243068848,https://s3-symbol-logo.tradingview.com/charnic-capital-tbk--big.svg
NICL,PT PAM Mineral Tbk,Non-Energy Minerals,4254257812500,https://s3-symbol-logo.tradingview.com/pam-mineral-tbk--big.svg
NIKL,PT Pelat Timah Nusantara Tbk,Process Industries,471866468262,https://s3-symbol-logo.tradingview.com/pelat-timah-nusantara--big.svg
NINE,PT Techno9 Indonesia Tbk,Technology Services,,https://s3-symbol-logo.tradingview.com/techno9-indonesia-tbk-pt--big.svg
NIRO,PT City Retail Developments Tbk,Finance,3574018246094,https://s3-symbol-logo.tradingview.com/city-retail-developments-tbk--big.svg
NISP,PT Bank OCBC NISP Tbk,Financials,28566894609375,https://s3-symbol-logo.tradingview.com/ocbc--big.svg
NOBU,PT Bank Nationalnobu Tbk,Finance,3886921325684,https://s3-symbol-logo.tradingview.com/bank-nationalnobu-tbk--big.svg
NPGF,PT Nusa Palapa Gemilang Tbk,Process Industries,155531320312,https://s3-symbol-logo.tradingview.com/nusa-palapa-gemilang-tbk--big.svg
NRCA,PT Nusa Raya Cipta Tbk,Industrial Services,1281051535645,https://s3-symbol-logo.tradingview.com/nusa-raya-cipta-tbk--big.svg
NSSS,PT Nusantara Sawit Sejahtera Tbk,Process Industries,16304074326172,https://s3-symbol-logo.tradingview.com/nusantara-sawit-sejahtera-tbk--big.svg
NTBK,PT Nusatama Berkah Tbk,Consumer Durables,172804160000,https://s3-symbol-logo.tradingview.com/nusatama-berkah-tbk--big.svg
NUSA,Sinergi Megah Internusa Tbk,"RESTAURANT, HOTEL & TOURISM",385000007400,https://storage.invezgo.com/icon/NUSA.png
NZIA,PT Nusantara Almazia Tbk,Finance,320840952637,https://s3-symbol-logo.tradingview.com/nusantara-almazia-tbk--big.svg
OASA,PT Maharaksa Biru Energi Tbk,Commercial Services,1561416172852,https://s3-symbol-logo.tradingview.com/maharaksa-biru-energi-tbk--big.svg
OBAT,PT Brigit Biofarmaka Technologi Tbk,Producer Manufacturing,149767183594,https://s3-symbol-logo.tradingview.com/brigit-biofarmaka-teknologi-tbk--big.svg
OBMD,PT OBM Drilchem Tbk,Process Industries,155556629700,https://s3-symbol-logo.tradingview.com/obm-drilchem-tbk--big.svg
OCAP,Onix Capital Tbk,INVESTMENT COMPANY,43438800000,https://storage.invezgo.com/icon/OCAP.png
OILS,PT Indo Oil Perkasa Tbk,Process Industries,132584512599.99998,https://s3-symbol-logo.tradingview.com/indo-oil-perkasa-tbk--big.svg
OKAS,PT Ancora Indonesia Resources Tbk,Non-Energy Minerals,237344921875,https://s3-symbol-logo.tradingview.com/ancora-indonesia-resources-tbk--big.svg
OLIV,PT Atlas Nexus Group Tbk,Consumer Durables,93103596600,https://s3-symbol-logo.tradingview.com/oscar-mitra-sukses-sejahtera-tbk--big.svg
OMED,PT Jayamas Medica Industri Tbk,Health Technology,5788339710938,https://s3-symbol-logo.tradingview.com/jayamas-medica-industri-tbk--big.svg
OMRE,PT Indonesia Prima Property Tbk,Consumer Services,2665415898438,https://s3-symbol-logo.tradingview.com/indonesia-prima-property-tbk--big.svg
OPMS,PT Optima Prima Metal Sinergi Tbk,Distribution Services,71344804260,https://s3-symbol-logo.tradingview.com/optima-prima-metal-sinergi-tbk--big.svg
PACK,PT Abadi Nusantara Hijau Investama Tbk,Process Industries,19958115937500,https://s3-symbol-logo.tradingview.com/solusi-kemasan-digital-tbk--big.svg
PADA,PT Personel Alih Daya Tbk,Commercial Services,510300000000,https://s3-symbol-logo.tradingview.com/personel-alih-daya-tbk--big.svg
PADI,PT Minna Padi Investama Sekuritas Tbk,Finance,583453940430,https://s3-symbol-logo.tradingview.com/minna-padi-investama-sekuritas-tbk--big.svg
PALM,PT Provident Investasi Bersama Tbk,Process Industries,4330211437500,https://s3-symbol-logo.tradingview.com/provident-agro-tbk--big.svg
PAMG,PT Bima Sakti Pertiwi Tbk,Finance,137500000000,https://s3-symbol-logo.tradingview.com/bima-sakti-pertiwi-tbk--big.svg
PANI,PT Pantai Indah Kapuk Dua Tbk,Properties & Real Estate,86218239257812,https://s3-symbol-logo.tradingview.com/pantai-indah-kapuk-dua-tbk--big.svg
PANR,PT Panorama Sentrawisata Tbk,Consumer Services,557775000000,https://s3-symbol-logo.tradingview.com/panorama-sentrawisata--big.svg
PANS,PT Panin Sekuritas Tbk,Finance,1186204246826,https://s3-symbol-logo.tradingview.com/panin-financial-tbk--big.svg
PART,PT Cipta Perdana Lancar Tbk,Producer Manufacturing,316415933350,https://s3-symbol-logo.tradingview.com/cipta-perdana-lancar-tbk--big.svg
PBID,PT Panca Budi Idaman Tbk,Process Industries,3900000253906,https://s3-symbol-logo.tradingview.com/panca-budi-idaman-tbk--big.svg
PBRX,PT Pan Brothers Tbk,Process Industries,687424875000,https://s3-symbol-logo.tradingview.com/pan-brothers-tbk--big.svg
PBSA,PT Paramita Bangun Sarana Tbk,Industrial Services,2310000000000,https://s3-symbol-logo.tradingview.com/pt-paramita-bangun-sarana-tbk--big.svg
PCAR,PT Prima Cakrawala Abadi Tbk,Consumer Non-Durables,67666671386.99999,https://s3-symbol-logo.tradingview.com/prima-cakrawala-abadi-tbk--big.svg
PDES,PT Destinasi Tirta Nusantara Tbk,Consumer Services,273130000000,https://s3-symbol-logo.tradingview.com/destinasi-tirta-nusantara-tbk-pt--big.svg
PDPP,PT Primadaya Plastisindo Tbk,Process Industries,967383930664,https://s3-symbol-logo.tradingview.com/primadaya-plastisindo-tbk--big.svg
PEGE,PT Panca Global Kapital Tbk,Finance,494979619629,https://s3-symbol-logo.tradingview.com/panca-global-kapital-tbk-pt--big.svg
PEHA,PT Phapros Tbk,Healthcare,245280000000,https://s3-symbol-logo.tradingview.com/phapros-tbk--big.svg
PEVE,PT. Penta Valent Tbk,Distribution Services,550875000000,https://s3-symbol-logo.tradingview.com/penta-valent-tbk--big.svg
PGAS,PT Perusahaan Gas Negara (Persero) Tbk,Energy,34907771251440.004,https://s3-symbol-logo.tradingview.com/perusahaan-gas-negara--big.svg
PGEO,PT Pertamina Geothermal Energy Tbk,Infrastructures,42363483398438,https://s3-symbol-logo.tradingview.com/pt-pertamina-geothermal-energy-tbk-515-27-apr-2028--big.svg
PGJO,PT Bahtera Bumi Raya Tbk,Technology Services,636687304688,https://s3-symbol-logo.tradingview.com/tourindo-guide-indonesia-tbk--big.svg
PGLI,PT Pembangunan Graha Lestari Indah Tbk,Consumer Services,102480000000,https://s3-symbol-logo.tradingview.com/pembangunan-graha-lestari-indah--big.svg
PGUN,PT Pradiksi Gunatama Tbk,Process Industries,52931658142090,https://s3-symbol-logo.tradingview.com/pradiksi-gunatama-tbk--big.svg
PICO,PT Pelangi Indah Canindo Tbk,Process Industries,88666500000,https://s3-symbol-logo.tradingview.com/pelangi-indah-canindo-tbk-pt--big.svg
PIPA,PT Oxala Energy International Tbk,Non-Energy Minerals,,https://s3-symbol-logo.tradingview.com/multimakmur-lemindo-tbk--big.svg
PJAA,PT Pembangunan Jaya Ancol Tbk,Consumer Services,723200000904,https://s3-symbol-logo.tradingview.com/pembangunan-jaya-ancol--big.svg
PJHB,PT Pelayaran Jaya Hidup Baru TBK,Transportation,,https://s3-symbol-logo.tradingview.com/pt-pelayaran-jaya-hidup-baru--big.svg
PKPK,PT Paragon Karya Perkasa Tbk,Industrial Services,7080000000000,https://s3-symbol-logo.tradingview.com/perdana-karya-perkasa--big.svg
PLAN,PT Planet Properindo Jaya Tbk,Consumer Services,54699285278,https://s3-symbol-logo.tradingview.com/planet-properindo-jaya-tbk--big.svg
PLAS,Polaris Investama Tbk,INVESTMENT COMPANY,59210000000,https://storage.invezgo.com/icon/PLAS.png
PLIN,Plaza Indonesia Realty Tbk,PROPERTY AND REAL ESTATE,8910500000000,https://storage.invezgo.com/icon/PLIN.png
PMJS,PT Putra Mandiri Jembar Tbk,Retail Trade,1815739148438,https://s3-symbol-logo.tradingview.com/putra-mandiri-jembar-tbk--big.svg
PMMP,Panca Mitra Multiperdana Tbk,FISHERY,129415000000,https://storage.invezgo.com/icon/PMMP.png
PMUI,PT Prima Multi Usaha Indonesia Tbk,Distribution Services,568400000000,https://s3-symbol-logo.tradingview.com/prima-multiusaha-indonesia-tbk--big.svg
PNBN,PT Bank Pan Indonesia Tbk,Financials,20228499375000,https://s3-symbol-logo.tradingview.com/bank-panin-dubai-syariah-tbk--big.svg
PNBS,PT Bank Panin Dubai Syariah Tbk,Finance,1668986546875,https://s3-symbol-logo.tradingview.com/bank-panin-dubai-syariah-tbk--big.svg
PNGO,PT AEP Pinago Plantations Tbk,Process Industries,2835937500000,https://s3-symbol-logo.tradingview.com/pinago-utama-tbk--big.svg
PNIN,PT Paninvest Tbk,Consumer Services,2766460136719,https://s3-symbol-logo.tradingview.com/panin-financial-tbk--big.svg
PNLF,PT Panin Financial Tbk,Financials,6276326546875,https://s3-symbol-logo.tradingview.com/panin-financial-tbk--big.svg
PNSE,PT Pudjiadi and Sons Tbk,Consumer Services,382950468750,https://s3-symbol-logo.tradingview.com/pudjiadi-and-sons-estates--big.svg
POLA,PT Pool Advista Finance Tbk,Finance,258032808838,https://s3-symbol-logo.tradingview.com/pool-advista-finance-tbk--big.svg
POLI,PT Pollux Hotels Group Tbk,Consumer Durables,1759210678101,https://s3-symbol-logo.tradingview.com/pollux-hotels-tbk--big.svg
POLL,Pollux Properties Indonesia Tbk,PROPERTY AND REAL ESTATE,931708243200,https://storage.invezgo.com/icon/POLL.png
POLU,PT Golden Flower Tbk,Consumer Non-Durables,11981250000000,https://s3-symbol-logo.tradingview.com/golden-flower-tbk--big.svg
POLY,Asia Pacific Fibers Tbk,"TEXTILE, GARMENT",74019627680,https://storage.invezgo.com/icon/POLY.png
POOL,Pool Advista Indonesia Tbk,INVESTMENT COMPANY,117068313200,https://storage.invezgo.com/icon/POOL.png
PORT,PT Nusantara Pelabuhan Handal Tbk,Transportation,2673244799805,https://s3-symbol-logo.tradingview.com/nusantara-pelabuhan-handal-tbk--big.svg
POSA,Bliss Properti Indonesia Tbk,"RESTAURANT, HOTEL & TOURISM",419443510300,https://storage.invezgo.com/icon/POSA.png
POWR,PT Cikarang Listrindo Tbk,Utilities,14733933618164,https://s3-symbol-logo.tradingview.com/cikarang-listrindo-tbk--big.svg
PPGL,Prima Globalindo Logistik Tbk,TRANSPORTATION,272997019080,https://storage.invezgo.com/icon/PPGL.png
PPRE,PT PP Presisi Tbk,Industrial Services,869994308594,https://s3-symbol-logo.tradingview.com/pp-presisi-tbk--big.svg
PPRI,PT Paperocks Indonesia Tbk,Distribution Services,,https://s3-symbol-logo.tradingview.com/paperocks-indonesia-tbk--big.svg
PPRO,PT PP Properti Tbk.,Finance,1233513437500,https://s3-symbol-logo.tradingview.com/pt-pp-properti-tbk--big.svg
PRAY,PT Famon Awal Bros Sedaya Tbk,Health Services,10748754843750,https://s3-symbol-logo.tradingview.com/famon-awal-bros-sedaya-tbk--big.svg
PRDA,PT Prodia Widyahusada Tbk,Healthcare,2615625000000,https://s3-symbol-logo.tradingview.com/prodia-widyahusada--big.svg
PRDL,PT Prodia Diagnostic Line Tbk,Health Technology,331151004639,https://s3-symbol-logo.tradingview.com/pt-prodia-diagnostic-line--big.svg
PRIM,PT Royal Prima Tbk.,Health Services,407013427734,https://s3-symbol-logo.tradingview.com/royal-prima--big.svg
PSAB,PT J Resources Asia Pasifik Tbk,Basic Materials,14023800000000,https://s3-symbol-logo.tradingview.com/j-res-asia-pasifik-rp-20--big.svg
PSAT,PT Pancaran Samudera Transport Tbk,Transportation,1237764777832,https://s3-symbol-logo.tradingview.com/pancaran-samudera-transport-tbk--big.svg
PSDN,PT Prasidha Aneka Niaga Tbk,Process Industries,161280000000,https://s3-symbol-logo.tradingview.com/prasidha-aneka-niaga--big.svg
PSGO,PT Palma Serasih Tbk,Consumer Non-Durables,3600350000000,https://s3-symbol-logo.tradingview.com/palma-serasih-tbk--big.svg
PSKT,PT Red Planet Indonesia Tbk,Consumer Services,2380783457031,https://s3-symbol-logo.tradingview.com/red-planet-indonesia-tbk--big.svg
PSSI,PT IMC Pelita Logistik Tbk,Transportation,1949991303711,https://s3-symbol-logo.tradingview.com/imc-pelita-logistik-tbk--big.svg
PTBA,PT Bukit Asam (Persero) Tbk,Energy,36529327691681,https://s3-symbol-logo.tradingview.com/bukit-asam-tbk--big.svg
PTDU,Djasa Ubersakti Tbk,CONSTRUCTION,105000000000,https://storage.invezgo.com/icon/PTDU.png
PTIS,PT Indo Straits Tbk,Transportation,137541320801,https://s3-symbol-logo.tradingview.com/indo-straits-tbk--big.svg
PTMP,PT Mitra Pack Tbk,Distribution Services,142613997803,https://s3-symbol-logo.tradingview.com/pt-mitra-pack-tbk--big.svg
PTMR,Master Print Tbk,PLASTICS & PACKAGING,713218000000,https://storage.invezgo.com/icon/PTMR.png
PTPP,PT PP (Persero) Tbk,Infrastructures,1109781645687,https://s3-symbol-logo.tradingview.com/pp--big.svg
PTPS,PT Pulau Subur Tbk,Process Industries,333797255859,https://s3-symbol-logo.tradingview.com/pulau-subur-tbk--big.svg
PTPW,PT Pratama Widya Tbk,Industrial Services,987960937500,https://s3-symbol-logo.tradingview.com/pratama-widya-tbk--big.svg
PTRO,PT Petrosea Tbk,Energy,53366279687500,https://s3-symbol-logo.tradingview.com/pt-petrosea-rp-50--big.svg
PTSN,PT Sat Nusapersada Tbk,Electronic Technology,2072594252930,https://s3-symbol-logo.tradingview.com/sat-nusapersada-tb--big.svg
PTSP,PT Pioneerindo Gourmet International Tbk,Consumer Services,262761518402.00003,https://s3-symbol-logo.tradingview.com/pioneerindo-gourmet-international--big.svg
PUDP,PT Pudjiadi Prestige Tbk,Finance,177962398682,https://s3-symbol-logo.tradingview.com/pudjiadi-prestige--big.svg
PURA,PT Putra Rajawali Kencana Tbk,Transportation,245775314941,https://s3-symbol-logo.tradingview.com/putra-rajawali-kencana-tbk--big.svg
PURE,Trinitan Metals and Minerals Tbk,METAL AND ALLIED PRODUCTS,70134256755,https://storage.invezgo.com/icon/PURE.png
PURI,PT Puri Global Sukses Tbk,Finance,141000000000,https://s3-symbol-logo.tradingview.com/puri-global-sukses-tbk--big.svg
PWON,PT Pakuwon Jati Tbk,Properties & Real Estate,12425177203125,https://s3-symbol-logo.tradingview.com/pakuwon-jati--big.svg
PYFA,PT Pyridam Farma Tbk,Health Technology,2337244203125,https://s3-symbol-logo.tradingview.com/pyridam-farma--big.svg
PZZA,PT Sarimelati Kencana Tbk,Consumer Cyclicals,534977348633.00006,https://s3-symbol-logo.tradingview.com/sarimelati-kencana-tbk-pt--big.svg
RAAM,PT Tripar Multivision Plus Tbk,Consumer Services,1178756280273,https://s3-symbol-logo.tradingview.com/tripar-multivision-plus-tbk--big.svg
RAFI,Sari Kreasi Boga Tbk,"OTHERS - TRADE, SERVICES & INVESTMENT",112613057100,https://storage.invezgo.com/icon/RAFI.png
RAJA,PT Rukun Raharja Tbk,Energy,13843694931641,https://s3-symbol-logo.tradingview.com/rukun-raharja--big.svg
RALS,PT Ramayana Lestari Sentosa Tbk,Consumer Cyclicals,2437039824219,https://s3-symbol-logo.tradingview.com/ramayana-lestari-sentosa--big.svg
RANC,PT Supra Boga Lestari Tbk,Retail Trade,876113027344,https://s3-symbol-logo.tradingview.com/supra-boga-lestari-tbk--big.svg
RANS,PT Rans Entertainmen Indonesia Tbk,Commercial Services,2433585250000,https://s3-symbol-logo.tradingview.com/pt-rans-entertainmen-indonesia--big.svg
RATU,PT Raharja Energi Cepu Tbk,Miscellaneous,11886506118164,https://s3-symbol-logo.tradingview.com/raharja-energi-cepu-tbk--big.svg
RBMS,PT Ristia Bintang Mahkotasejati Tbk,Consumer Services,114217143799,https://s3-symbol-logo.tradingview.com/ristia-bintang-mahkotasejati-tbk--big.svg
RCCC,PT Utama Radar Cahaya Tbk,Electronic Technology,84262500000,https://s3-symbol-logo.tradingview.com/utama-radar-cahaya-tbk--big.svg
RDTX,PT Roda Vivatex Tbk,Finance,3622079835510,https://s3-symbol-logo.tradingview.com/roda-vivatex--big.svg
REAL,PT Repower Asia Indonesia Tbk,Finance,285245224121,https://s3-symbol-logo.tradingview.com/repower-asia-indonesia-tbk--big.svg
RELF,PT Graha Mitra Asia Tbk,Finance,223385449219,https://s3-symbol-logo.tradingview.com/graha-mitra-asia-tbk--big.svg
RELI,PT Reliance Sekuritas Indonesia Tbk,Finance,936000000000,https://s3-symbol-logo.tradingview.com/pt-reliance-sekuritas-indonesia-tbk--big.svg
RGAS,PT Kian Santang Muliatama Tbk,Industrial Services,131331068999.99998,https://s3-symbol-logo.tradingview.com/kian-santang-muliatama--big.svg
RICY,PT Ricky Putra Globalindo Tbk,Consumer Non-Durables,42353356934,https://s3-symbol-logo.tradingview.com/ricky-putra-globalindo-tbk--big.svg
RIGS,PT Rig Tenders Indonesia Tbk,Transportation,380706253052,https://s3-symbol-logo.tradingview.com/rig-tenders-indonesia--big.svg
RIMO,Rimo International Lestari Tbk,PROPERTY AND REAL ESTATE,2254030000000,https://storage.invezgo.com/icon/RIMO.png
RISE,PT Jaya Sukses Makmur Sentosa Tbk,Finance,11501005722656,https://s3-symbol-logo.tradingview.com/jaya-sukses-makmur-sentosa-tbk--big.svg
RLCO,PT Abadi Lestari Indonesia Tbk,Health Technology,12500000000000,https://s3-symbol-logo.tradingview.com/pt-abadi-lestari-indonesia-tbk--big.svg
RMKE,PT RMK Energy Tbk,Distribution Services,7918750000000,https://s3-symbol-logo.tradingview.com/rmk-energy-tbk--big.svg
RMKO,PT Royaltama Mulia Kontraktorindo Tbk,Energy Minerals,406793909912,https://s3-symbol-logo.tradingview.com/royaltama-mulia-kontraktorindo-tbk--big.svg
ROCK,PT Rockfields Properti Indonesia Tbk.,Finance,3257870360107,https://s3-symbol-logo.tradingview.com/rockfields-properti-indonesia-tbk--big.svg
RODA,PT Pikko Land Development Tbk,Consumer Durables,611645800781,https://s3-symbol-logo.tradingview.com/pikko-land-tbk--big.svg
RONY,PT Aesler Grup Internasional Tbk,Industrial Services,1806250000000,https://s3-symbol-logo.tradingview.com/aesler-internasional-tbk--big.svg
ROTI,PT Nippon Indosari Corpindo Tbk,Consumer Non-Cyclicals,3450550385742,https://s3-symbol-logo.tradingview.com/nippon-indosari-corpindo-tbk--big.svg
RSCH,PT Charlie Hospital Semarang Tbk,Health Services,1309100000000,https://s3-symbol-logo.tradingview.com/charlie-hospital-s--big.svg
RSGK,PT Kedoya Adyaraya Tbk,Health Services,980807125000,https://s3-symbol-logo.tradingview.com/kedoya-adyaraya-tbk--big.svg
RUIS,PT Radiant Utama Interinsco Tbk,Industrial Services,144760000000,https://s3-symbol-logo.tradingview.com/radiant-utama-interinsco-tbk--big.svg
RUNS,PT Global Sukses Solusi Tbk,Technology Services,60703146484,https://s3-symbol-logo.tradingview.com/global-sukses-solusi-tbk--big.svg
SAFE,PT Steady Safe Tbk,Transportation,439346022949,https://s3-symbol-logo.tradingview.com/steady-safe--big.svg
SAGE,PT Saptausaha Gemilangindah Tbk,Finance,305274039062,https://s3-symbol-logo.tradingview.com/saptausaha-gemilangindah-tbk--big.svg
SAME,PT Sarana Meditama Metropolitan Tbk,Healthcare,4943414250000,https://s3-symbol-logo.tradingview.com/sarana-meditama-metropolitan--big.svg
SAMF,"PT Saraswanti Anugerah Makmur, Tbk",Process Industries,3116000000000,https://s3-symbol-logo.tradingview.com/saraswanti-anugerah-makmur-tbk--big.svg
SAPX,PT Satria Antaran Prima Tbk,Transportation,274999993286,https://s3-symbol-logo.tradingview.com/satria-antaran-prima-tbk--big.svg
SATU,PT Kota Satu Properti Tbk,Finance,335500000000,https://s3-symbol-logo.tradingview.com/kota-satu-properti-tbk--big.svg
SBAT,Sejahtera Bintang Abadi Textile Tbk,"TEXTILE, GARMENT",4752982978,https://storage.invezgo.com/icon/SBAT.png
SBMA,PT Surya Biru Murni Acetylene Tbk,Process Industries,99502117371,https://s3-symbol-logo.tradingview.com/waran-seri-i-surya-biru-murni-acetylene-tbk--big.svg
SCCO,PT Supreme Cable Manufacturing & Commerce Tbk,Producer Manufacturing,2113397398682,https://s3-symbol-logo.tradingview.com/supreme-cable-manufacturing-and-commerce-tbk--big.svg
SCMA,PT Surya Citra Media Tbk,Consumer Cyclicals,10555631625000,https://s3-symbol-logo.tradingview.com/surya-citra-media--big.svg
SCNP,PT Selaras Citra Nusantara Perkasa Tbk,Consumer Durables,400000000000,https://s3-symbol-logo.tradingview.com/selaras-citra-nusantara-perkasa-tbk--big.svg
SCPI,Organon Pharma Indonesia Tbk,PHARMACEUTICALS,104400000000,https://storage.invezgo.com/icon/SCPI.png
SDMU,PT Sidomulyo Selaras Tbk,Transportation,144044218750,https://s3-symbol-logo.tradingview.com/sidomulyo-selaras-tbk--big.svg
SDPC,PT Millennium Pharmacon International Tbk,Distribution Services,233142000000,https://s3-symbol-logo.tradingview.com/millennium-pharmacon-international-tbk--big.svg
SDRA,PT Bank Woori Saudara Indonesia 1906 Tbk,Finance,2967822466797,https://s3-symbol-logo.tradingview.com/bank-woori-saudara-indonesia-1906-tbk--big.svg
SEMA,PT Semacom Integrated Tbk,Producer Manufacturing,444595440674,https://s3-symbol-logo.tradingview.com/waran-seri-i-semacom-integrated-tbk--big.svg
SFAN,PT Surya Fajar Capital Tbk,Finance,2719867919922,https://s3-symbol-logo.tradingview.com/surya-fajar-capital-tbk--big.svg
SGER,PT Sumber Global Energy Tbk,Non-Energy Minerals,11612247338867,https://s3-symbol-logo.tradingview.com/sumber-global-energy-tbk--big.svg
SGRO,PT Prime Agri Resources Tbk,Process Industries,7355897318115,https://s3-symbol-logo.tradingview.com/pt-sampoerna-agro-tbk--big.svg
SHID,PT Hotel Sahid Jaya International Tbk,Consumer Services,861881246338,https://s3-symbol-logo.tradingview.com/hotel-sahid-jaya-international-tbk--big.svg
SHIP,PT Sillo Maritime Perdana Tbk,Transportation,6989860400391,https://s3-symbol-logo.tradingview.com/sillo-maritime-perdana-tbk--big.svg
SICO,PT Sigma Energy Compressindo Tbk,Energy Minerals,,https://s3-symbol-logo.tradingview.com/sigma-energy-compressindo-tbk--big.svg
SIDO,PT Industri Jamu dan Farmasi Sido Muncul Tbk,Healthcare,10359427125000,https://s3-symbol-logo.tradingview.com/sido-muncul--big.svg
SILO,PT Siloam International Hospitals Tbk,Healthcare,25674126293945,https://s3-symbol-logo.tradingview.com/siloam-international-hospitals-tbk--big.svg
SIMA,Siwani Makmur Tbk,PLASTICS & PACKAGING,22129493550,https://storage.invezgo.com/icon/SIMA.png
SIMP,PT Salim Ivomas Pratama Tbk,Consumer Non-Durables,8656196455078,https://s3-symbol-logo.tradingview.com/salim-ivomas-pratama-tbk--big.svg
SINI,PT Singaraja Putra Tbk,Consumer Services,15360322357178,https://s3-symbol-logo.tradingview.com/waran-seri-i-singaraja-putra-tbk--big.svg
SIPD,PT Sreeya Sewu Indonesia Tbk,Process Industries,1471281640625,https://s3-symbol-logo.tradingview.com/sreeya-sewu-indonesia-tbk--big.svg
SKBM,PT Sekar Bumi Tbk,Consumer Non-Durables,861591429199,https://s3-symbol-logo.tradingview.com/sekar-bumi-tbk--big.svg
SKLT,PT Sekar Laut Tbk,Consumer Non-Durables,1340312886719,https://s3-symbol-logo.tradingview.com/sekar-laut-tbk--big.svg
SKRN,PT Superkrane Mitra Utama Tbk,Finance,3025522000000,https://s3-symbol-logo.tradingview.com/superkrane-mitra-utama-tbk--big.svg
SKYB,Northcliff Citranusa Indonesia Tbk,RETAIL TRADE,29835000000,https://storage.invezgo.com/icon/SKYB.png
SLIS,PT Gaya Abadi Sempurna Tbk,Distribution Services,172435754395,https://s3-symbol-logo.tradingview.com/gaya-abadi-sempurna-tbk--big.svg
SMAR,PT Sinar Mas Agro Resources and Technology Tbk,Process Industries,17161355322266.002,https://s3-symbol-logo.tradingview.com/indah-kiat-pulp-and-paper--big.svg
SMBR,PT Semen Baturaja (Persero) Tbk,Basic Materials,1460082668116,https://s3-symbol-logo.tradingview.com/semen-baturaja-persero--big.svg
SMCB,Solusi Bangun Indonesia Tbk,CEMENT,6990021029075,https://storage.invezgo.com/icon/SMCB.png
SMDM,PT Suryamas Dutamakmur Tbk,Finance,2328803433594,https://s3-symbol-logo.tradingview.com/suryamas-dutamakmur-tbk--big.svg
SMDR,PT Samudera Indonesia Tbk,Transportation & Logistic,6320981449219,https://s3-symbol-logo.tradingview.com/samudera-indonesia--big.svg
SMGA,PT Sumber Mineral Global Abadi Tbk,Distribution Services,691250000000,https://s3-symbol-logo.tradingview.com/sumber-mineral-global-abadi--big.svg
SMGR,PT Semen Indonesia (Persero) Tbk,Basic Materials,10228583160695,https://s3-symbol-logo.tradingview.com/semen-indonesia--big.svg
SMIL,PT Sarana Mitra Luas Tbk,Finance,3763217226562,https://s3-symbol-logo.tradingview.com/sarana-mitra-luas-tbk--big.svg
SMKL,PT Satyamitra Kemas Lestari Tbk,Process Industries,505876610352,https://s3-symbol-logo.tradingview.com/satyamitra-kemas-lestari-tbk--big.svg
SMKM,PT Sumber Mas Konstruksi Tbk,Industrial Services,110264000000,https://s3-symbol-logo.tradingview.com/sumber-mas-konstruksi-tbk--big.svg
SMLE,PT Sinergi Multi Lestarindo Tbk,Distribution Services,582038269043,https://s3-symbol-logo.tradingview.com/sinergi-multi-lestarindo--big.svg
SMMA,PT Sinar Mas Multiartha Tbk,Finance,127512486208101,https://s3-symbol-logo.tradingview.com/sinarmas-multiartha-tbk--big.svg
SMMT,PT Golden Eagle Energy Tbk,Energy Minerals,11987500000000,https://s3-symbol-logo.tradingview.com/golden-eagle-energy-tbk--big.svg
SMRA,PT Summarecon Agung Tbk,Properties & Real Estate,4127142089844,https://s3-symbol-logo.tradingview.com/summarecon-agung--big.svg
SMRU,Smr Utama Tbk,METAL AND MINERAL MINING,624969289100,https://storage.invezgo.com/icon/SMRU.png
SMSM,PT Selamat Sempurna Tbk,Industrials,9616987739258,https://s3-symbol-logo.tradingview.com/selamat-sempurna-tbk--big.svg
SNLK,PT Sunter Lakeside Hotel Tbk,Consumer Services,108900000000,https://s3-symbol-logo.tradingview.com/sunter-lakeside-hotel-tbk--big.svg
SOCI,PT Soechi Lines Tbk,Transportation,5063844111328,https://s3-symbol-logo.tradingview.com/soechi-lines-tbk--big.svg
SOFA,PT Solusi Environment Asia Tbk,Non-Energy Minerals,486150892090,https://s3-symbol-logo.tradingview.com/boston-furniture-industries-tbk--big.svg
SOHO,PT Soho Global Health Tbk,Health Technology,17387603847656,https://s3-symbol-logo.tradingview.com/soho-global-health-tbk--big.svg
SOLA,PT Xolare RCR Energy TBK,Industrial Services,230116250000,https://s3-symbol-logo.tradingview.com/xolare-rcr-energy--big.svg
SONA,PT Sona Topas Tourism Industry Tbk,Retail Trade,1973952072754,https://s3-symbol-logo.tradingview.com/sona-topas-tourism-industry-tbk--big.svg
SOSS,PT Alsok Indonesia Services Tbk,Commercial Services,1081723590088,https://s3-symbol-logo.tradingview.com/shield-on-service-tbk--big.svg
SOTS,PT Satria Mega Kencana Tbk,Consumer Services,498002006104,https://s3-symbol-logo.tradingview.com/satria-mega-kencana-tbk--big.svg
SOUL,Mitra Tirta Buwana Tbk,FOOD & BEVERAGES,40053470251,https://storage.invezgo.com/icon/SOUL.png
SPMA,PT Suparma Tbk,Process Industries,858196035156,https://s3-symbol-logo.tradingview.com/suparma-tbk--big.svg
SPRE,PT Soraya Berjaya Indonesia Tbk,Consumer Durables,,https://s3-symbol-logo.tradingview.com/soraya-berjaya-indonesia-tbk--big.svg
SPTO,PT Surya Pertiwi Tbk,Distribution Services,1633500000000,https://s3-symbol-logo.tradingview.com/surya-pertiwi-tbk--big.svg
SQMI,PT Wilton Makmur Indonesia Tbk.,Non-Energy Minerals,1367307992188,https://s3-symbol-logo.tradingview.com/wilton-makmur-indonesia-tbk--big.svg
SRAJ,PT Sejahteraraya Anugrahjaya Tbk,Health Services,159106479492188,https://s3-symbol-logo.tradingview.com/sejahteraraya-anugrahjaya-tbk--big.svg
SRIL,Sri Rejeki Isman Tbk,"TEXTILE, GARMENT",2986017819224,https://storage.invezgo.com/icon/SRIL.png
SRSN,PT Indo Acidatama Tbk,Consumer Non-Durables,698319943359,https://s3-symbol-logo.tradingview.com/indo-acidatama-rp-50--big.svg
SRTG,PT Saratoga Investama Sedaya Tbk,Financials,23417749082031,https://s3-symbol-logo.tradingview.com/saratoga-investama-sedaya--big.svg
SSIA,PT Surya Semesta Internusa Tbk,Industrial Services,7505090258789,https://s3-symbol-logo.tradingview.com/surya-semesta-internusa-tbk--big.svg
SSMS,PT Sawit Sumbermas Sarana Tbk.,Consumer Non-Cyclicals,10191750000000,https://s3-symbol-logo.tradingview.com/sawit-sumbermas-sarana-tbk--big.svg
SSTM,PT Sunson Textile Manufacturer Tbk,Process Industries,505832765625,https://s3-symbol-logo.tradingview.com/sunson-textile-manufacture-tbk--big.svg
STAA,PT Sumber Tani Agung Resources Tbk,Process Industries,12918193022461,https://s3-symbol-logo.tradingview.com/sumber-tani-agung-resources-tbk--big.svg
STAR,PT Calculus Global Ventures Tbk,Finance,1584000161133,https://s3-symbol-logo.tradingview.com/buana-artha-anugerah-tbk--big.svg
STRK,PT Lovina Beach Brewery Tbk,Consumer Non-Durables,493204456000,https://s3-symbol-logo.tradingview.com/lovina-beach-brewery-tbk--big.svg
STTP,PT Siantar Top Tbk,Consumer Non-Durables,11691750000000,https://s3-symbol-logo.tradingview.com/siantar-top-tbk--big.svg
SUGI,"Sugih Energy Tbk, PT","OTHERS - TRADE, SERVICES & INVESTMENT",1240577070700,https://storage.invezgo.com/icon/SUGI.png
SULI,PT SLJ Global Tbk,Non-Energy Minerals,448775156738,https://s3-symbol-logo.tradingview.com/pt-slj-global-rp-1000--big.svg
SUNI,PT Sunindo Pratama Tbk,Energy Minerals,1612287934570,https://s3-symbol-logo.tradingview.com/sunindo-pratama-tbk--big.svg
SUPA,PT Super Bank Indonesia Tbk,Finance,16309210842000,https://s3-symbol-logo.tradingview.com/pt-super-bank-indonesia-tbk--big.svg
SUPR,Solusi Tunas Pratama Tbk,TELECOMUNICATION,49882869757300,https://storage.invezgo.com/icon/SUPR.png
SURE,PT Super Energy Tbk,Energy Minerals,4582585327148,https://s3-symbol-logo.tradingview.com/super-energy-tbk--big.svg
SURI,PT Maja Agung Latexindo Tbk,Consumer Non-Durables,475078125000,https://s3-symbol-logo.tradingview.com/maja-agung-latexindo-tbk--big.svg
SWAT,Sriwahana Adityakarta Tbk,PULP & PAPER,48307200000,https://storage.invezgo.com/icon/SWAT.png
SWID,PT Saraswanti Indoland Development Tbk,Finance,511576809082,https://s3-symbol-logo.tradingview.com/saraswanti-indoland-development-tbk--big.svg
TALF,PT Tunas Alfin Tbk,Process Industries,872965612793,https://s3-symbol-logo.tradingview.com/tunas-alfin-tbk--big.svg
TAMA,PT Lancartama Sejati Tbk,Consumer Durables,228000139160,https://s3-symbol-logo.tradingview.com/lancartama-sejati-tbk--big.svg
TAMU,PT Pelayaran Tamarin Samudra Tbk,Transportation,1312500000000,https://s3-symbol-logo.tradingview.com/pelayaran-tamarin-samudra-tbk--big.svg
TAPG,PT Triputra Agro Persada Tbk,Process Industries,39605815429688,https://s3-symbol-logo.tradingview.com/triputra-agro-persada-tbk--big.svg
TARA,PT Agung Semesta Sejahtera Tbk,Finance,392716136719,https://s3-symbol-logo.tradingview.com/agung-semesta-sejahtera-tbk--big.svg
TAXI,PT Express Transindo Utama Tbk,Transportation,184025654297,https://s3-symbol-logo.tradingview.com/express-transindo-utama-tbk--big.svg
TAYS,Jaya Swarasa Agung Tbk,FOOD & BEVERAGES,54946000000,https://storage.invezgo.com/icon/TAYS.png
TBIG,PT Tower Bersama Infrastructure Tbk,Infrastructures,32739365000000,https://s3-symbol-logo.tradingview.com/tower-bersama-infrastructure-tbk--big.svg
TBLA,PT Tunas Baru Lampung Tbk,Consumer Non-Cyclicals,3471936562500,https://s3-symbol-logo.tradingview.com/tunas-baru-lampung-tbk--big.svg
TBMS,PT Tembaga Mulia Semanan Tbk,Producer Manufacturing,888962791138,https://s3-symbol-logo.tradingview.com/tembaga-mulia-semanan-tbk--big.svg
TCID,PT. Mandom Indonesia Tbk,Consumer Non-Durables,989247994995,https://s3-symbol-logo.tradingview.com/mandom-indonesia-tbk--big.svg
TCPI,PT Transcoal Pacific Tbk,Transportation,8100000000000,https://s3-symbol-logo.tradingview.com/transcoal-pacific-tbk--big.svg
TDPM,Tridomain Performance Materials Tbk,CHEMICALS,1247721009500,https://storage.invezgo.com/icon/TDPM.png
TEBE,PT Dana Brata Luhur Tbk,Industrial Services,2801299733887,https://s3-symbol-logo.tradingview.com/dana-brata-luhur-tbk--big.svg
TECH,Indosterling Technomedia Tbk,COMPUTER AND SERVICES,62815000000,https://storage.invezgo.com/icon/TECH.png
TELE,Omni Inovasi Indonesia Tbk,RETAIL TRADE,65798364501,https://storage.invezgo.com/icon/TELE.png
TFAS,PT Telefast Indonesia Tbk,Technology Services,281658872070,https://s3-symbol-logo.tradingview.com/telefast-indonesia-tbk--big.svg
TFCO,PT Tifico Fiber Indonesia Tbk,Process Industries,4268422844238,https://s3-symbol-logo.tradingview.com/tifico-fiber-indonesia-tbk--big.svg
TGKA,PT Tigaraksa Satria Tbk,Distribution Services,4445504846191,https://s3-symbol-logo.tradingview.com/tigaraksa-satria-tbk--big.svg
TGRA,Terregra Asia Energy Tbk,ENERGY,74250000000,https://storage.invezgo.com/icon/TGRA.png
TGUK,PT Platinum Wahab Nusantara Tbk,Consumer Services,,https://s3-symbol-logo.tradingview.com/platinum-wahab-nusantara-tbk--big.svg
TIFA,PT KDB Tifa Finance Tbk,Finance,1072768292969,https://s3-symbol-logo.tradingview.com/kdb-tifa-finance-tbk--big.svg
TINS,PT TIMAH Tbk,Basic Materials,33589365717400.996,https://s3-symbol-logo.tradingview.com/timah--big.svg
TIRA,PT Tira Austenite Tbk,Distribution Services,219912000000,https://s3-symbol-logo.tradingview.com/tira-austenite-tbk--big.svg
TIRT,Tirta Mahakam Resources Tbk,TRANSPORTATION,596947102500,https://storage.invezgo.com/icon/TIRT.png
TKIM,PT Pabrik Kertas Tjiwi Kimia Tbk,Basic Materials,22181716644287,https://s3-symbol-logo.tradingview.com/tjiwi-kimia--big.svg
TLDN,PT Teladan Prima Agro Tbk,Process Industries,7508987558594,https://s3-symbol-logo.tradingview.com/teladan-prima-agro-tbk--big.svg
TLKM,Perusahaan Perseroan (Persero) PT Telekomunikasi Indonesia Tbk,Infrastructures,234777458439870,https://s3-symbol-logo.tradingview.com/telekom-indonesia--big.svg
TMAS,PT Temas Tbk.,Transportation & Logistic,7188489000000,https://s3-symbol-logo.tradingview.com/temas--big.svg
TMPO,PT Tempo Inti Media Tbk,Consumer Services,175683319824,https://s3-symbol-logo.tradingview.com/tempo-intimedia-tbk--big.svg
TNCA,PT Trimuda Nuansa Citra Tbk,Transportation,69570602417,https://s3-symbol-logo.tradingview.com/trimuda-nuansa-citra-tbk--big.svg
TOBA,PT TBS Energi Utama Tbk,Energy,4010005119141,https://s3-symbol-logo.tradingview.com/tbs-energi-utama-tbk--big.svg
TOOL,PT Rohartindo Nusantara Luas Tbk,Commercial Services,,https://s3-symbol-logo.tradingview.com/rohartindo-nusantara-luas-tbk--big.svg
TOPS,Totalindo Eka Persada Tbk,CONSTRUCTION,33330000000,https://storage.invezgo.com/icon/TOPS.png
TOSK,PT Topindo Solusi Komunika Tbk,Technology,328145800781,https://s3-symbol-logo.tradingview.com/topindo-solusi-komunika-tbk-pt--big.svg
TOTL,PT Total Bangun Persada Tbk,Industrial Services,5132049632568,https://s3-symbol-logo.tradingview.com/total-bangun-persada-tbk-pt--big.svg
TOTO,PT Surya Toto Indonesia Tbk,Producer Manufacturing,2476800000000,https://s3-symbol-logo.tradingview.com/surya-toto-indonesia-tbk--big.svg
TOWR,PT Sarana Menara Nusantara Tbk.,Infrastructures,22201920578125,https://s3-symbol-logo.tradingview.com/sarana-menara-nusantara--big.svg
TOYS,Sunindo Adipersada Tbk,OTHER - BASIC INDUSTRY AND CHEMICALS,11480005696,https://storage.invezgo.com/icon/TOYS.png
TPIA,PT Chandra Asri Pacific Tbk,Basic Materials,149232418359375,https://s3-symbol-logo.tradingview.com/chandra-asri--big.svg
TPMA,PT Trans Power Marine Tbk,Transportation,1601387942871,https://s3-symbol-logo.tradingview.com/trans-power-marine-tbk--big.svg
TRAM,Trada Alam Minera Tbk,COAL MINING,2482181396700,https://storage.invezgo.com/icon/TRAM.png
TRGU,PT Cerestar Indonesia Tbk,Process Industries,1287156840820,https://s3-symbol-logo.tradingview.com/cerestar-indonesia-tbk--big.svg
TRIL,Triwira Insanlestari Tbk,WHOLESALE (DURABLE & NON DURABLE GOODS),60000000000,https://storage.invezgo.com/icon/TRIL.png
TRIM,PT Trimegah Sekuritas Indonesia Tbk,Finance,5509707348633,https://s3-symbol-logo.tradingview.com/trimegah-sekuritas--big.svg
TRIN,PT Perintis Triniti Properti Tbk,Finance,1083247005858.9999,https://s3-symbol-logo.tradingview.com/perintis-triniti-properti-tbk--big.svg
TRIO,Trikomsel Oke Tbk,RETAIL TRADE,11079192718770,https://storage.invezgo.com/icon/TRIO.png
TRIS,PT Trisula International Tbk,Consumer Non-Durables,530479158446.99994,https://s3-symbol-logo.tradingview.com/waran-seri-i-trisula-international-tbk--big.svg
TRJA,PT Transkon Jaya Tbk,Finance,190285193848,https://s3-symbol-logo.tradingview.com/transkon-jaya-tbk--big.svg
TRON,PT Teknologi Karya Digital Nusa Tbk,Technology Services,221349645996,https://s3-symbol-logo.tradingview.com/teknologi-karya-digital-nusa-tbk--big.svg
TRST,PT Trias Sentosa Tbk,Process Industries,1330992000000,https://s3-symbol-logo.tradingview.com/trias-sentosa-rp-500--big.svg
TRUE,PT Triniti Dinamik Tbk,Finance,386126503418,https://s3-symbol-logo.tradingview.com/waran-seri-i-triniti-dinamik-tbk--big.svg
TRUK,PT Guna Timur Raya Tbk,Transportation,1122300000000,https://s3-symbol-logo.tradingview.com/guna-timur-raya-tbk--big.svg
TRUS,PT Trust Finance Indonesia Tbk,Finance,352000000000,https://s3-symbol-logo.tradingview.com/trust-finance-indonesia-tbk--big.svg
TSPC,PT Tempo Scan Pacific Tbk,Distribution Services,11906041640625,https://s3-symbol-logo.tradingview.com/tempo-scan-pacific-tbk--big.svg
TUGU,PT Asuransi Tugu Pratama Indonesia Tbk,Finance,5582253439941,https://s3-symbol-logo.tradingview.com/asuransi-tugu-pratama-indonesia-tbk--big.svg
TYRE,PT King Tire Indonesia Tbk,Consumer Durables,375902833008,https://s3-symbol-logo.tradingview.com/king-tire-indonesia-tbk--big.svg
UANG,PT Pakuan Tbk,Finance,4561700000000,https://s3-symbol-logo.tradingview.com/pakuan-tbk--big.svg
UCID,PT Uni-Charm Indonesia Tbk,Consumer Non-Durables,1988790000000,https://s3-symbol-logo.tradingview.com/uni-charm-indonesia-tbk--big.svg
UDNG,PT Agro Bahari Nusantara Tbk,Process Industries,833019116699,https://s3-symbol-logo.tradingview.com/agro-bahari-nusantara-tbk--big.svg
UFOE,PT Damai Sejahtera Abadi Tbk,Retail Trade,408654902344,https://s3-symbol-logo.tradingview.com/damai-sejahtera-abadi-tbk--big.svg
ULTJ,PT Ultrajaya Milk Industry & Trading Company Tbk,Consumer Non-Cyclicals,21316258349609,https://s3-symbol-logo.tradingview.com/ultra-jaya-milk-industry-and-trading-company-tbk--big.svg
UNIC,PT Unggul Indah Cahaya Tbk,Consumer Non-Durables,5740387113953,https://s3-symbol-logo.tradingview.com/unggul-indah-cahaya-tbk--big.svg
UNIQ,PT Ulima Nitra Tbk,Industrial Services,364122017578,https://s3-symbol-logo.tradingview.com/ulima-nitra-tbk--big.svg
UNIT,Cahaya Permata Sejahtera Tbk,"TEXTILE, GARMENT",23833415200,https://storage.invezgo.com/icon/UNIT.png
UNSP,PT Bakrie Sumatera Plantations Tbk,Distribution Services,5849814734375,https://s3-symbol-logo.tradingview.com/pt-bakrie-sumatera-plantations-tbk--big.svg
UNTD,PT Terang Dunia Internusa Tbk,Consumer Durables,493333321289,https://s3-symbol-logo.tradingview.com/terang-dunia-internusa-tbk-pt--big.svg
UNTR,PT United Tractors Tbk,Industrials,88525352325439,https://s3-symbol-logo.tradingview.com/united-tractors--big.svg
UNVR,PT Unilever Indonesia Tbk,Consumer Non-Cyclicals,62099311816406,https://s3-symbol-logo.tradingview.com/unilever--big.svg
URBN,PT Urban Jakarta Propertindo Tbk.,Finance,954597032227,https://s3-symbol-logo.tradingview.com/urban-jakarta-propertindo-tbk--big.svg
UVCR,PT Trimegah Karya Pratama Tbk,Technology Services,468033906006,https://s3-symbol-logo.tradingview.com/waran-seri-i-trimegah-karya-pratama-tbk--big.svg
VAST,PT Vastland Indonesia Tbk,Finance,333075339600,https://s3-symbol-logo.tradingview.com/vastland-indonesia-tbk--big.svg
VERN,PT Verona Indah Pictures Tbk,Consumer Services,1086567732422,https://s3-symbol-logo.tradingview.com/verona-indah-pictures-tbk-pt--big.svg
VICI,PT Victoria Care Indonesia Tbk,Consumer Non-Durables,6607380000000,https://s3-symbol-logo.tradingview.com/victoria-care-indonesia-tbk--big.svg
VICO,PT Victoria Investama Tbk,Finance,3404843671875,https://s3-symbol-logo.tradingview.com/victoria-insurance-tbk--big.svg
VINS,PT Victoria Insurance Tbk,Finance,220587171631,https://s3-symbol-logo.tradingview.com/victoria-insurance-tbk--big.svg
VISI,PT Satu Visi Putra Tbk,Distribution Services,3843750000000,https://s3-symbol-logo.tradingview.com/satu-visi-putra-tbk--big.svg
VIVA,PT Visi Media Asia Tbk,Consumer Services,790284937500,https://s3-symbol-logo.tradingview.com/visi-media-asia-tbk--big.svg
VKTR,PT VKTR Teknologi Mobilitas Tbk,Consumer Durables,33687500000000,https://s3-symbol-logo.tradingview.com/vktr-teknologi-mobilitas-tbk--big.svg
VOKS,PT Voksel Electric Tbk,Producer Manufacturing,997344609375,https://s3-symbol-logo.tradingview.com/voksel-electric-tbk--big.svg
VRNA,PT Mizuho Leasing Indonesia Tbk,Finance,437926258301,https://s3-symbol-logo.tradingview.com/verena-multi-finance-tbk--big.svg
VTNY,PT Venteny Fortuna International Tbk,Technology Services,357116021484,https://s3-symbol-logo.tradingview.com/venteny-fortuna-international-tbk--big.svg
WAPO,PT Wahana Pronatural Tbk,Consumer Non-Durables,436804929688,https://s3-symbol-logo.tradingview.com/wahana-pronatural-tbk--big.svg
WBSA,PT BSA Logistics Indonesia Tbk,Transportation,,https://s3-symbol-logo.tradingview.com/pt-bsa-logistics-indonesia-tbk--big.svg
WEGE,PT Wijaya Karya Bangunan Gedung Tbk,Industrial Services,411596000000,https://s3-symbol-logo.tradingview.com/wijaya-karya-bangunan-gedung-tbk--big.svg
WEHA,PT WEHA Transportasi Indonesia Tbk,Transportation,150092916626,https://s3-symbol-logo.tradingview.com/weha-transportasi-indonesia-tbk--big.svg
WGSH,PT Wira Global Solusi Tbk,Technology Services,212670000000,https://s3-symbol-logo.tradingview.com/wira-global-solusi-tbk--big.svg
WICO,Wicaksana Overseas International Tbk,WHOLESALE (DURABLE & NON DURABLE GOODS),294426372804,https://storage.invezgo.com/icon/WICO.png
WIDI,PT Widiant Jaya Krenindo Tbk,Finance,44800885254,https://s3-symbol-logo.tradingview.com/widiant-jaya-krenindo-tbk--big.svg
WIFI,PT Solusi Sinergi Digital Tbk,Technology,8997990263672,https://s3-symbol-logo.tradingview.com/solusi-sinergi-digital-tbk--big.svg
WIIM,PT Wismilak Inti Makmur Tbk,Consumer Non-Durables,3181308775635,https://s3-symbol-logo.tradingview.com/wismilak-inti-makmur-tbk--big.svg
WIKA,Wijaya Karya (persero) Tbk,Infrastructures,8134105027032,https://storage.invezgo.com/icon/WIKA.png
WINE,PT HATTEN BALI Tbk,Consumer Non-Durables,346880000000,https://s3-symbol-logo.tradingview.com/hatten-bali-tbk--big.svg
WINR,PT Winner Nusantara Jaya Tbk,Finance,151824161621,https://s3-symbol-logo.tradingview.com/winner-nusantara-jaya-tbk--big.svg
WINS,PT Wintermar Offshore Marine Tbk,Transportation,2510301584473,https://s3-symbol-logo.tradingview.com/wintermar-offshore-marine-tbk--big.svg
WIRG,PT WIR ASIA Tbk,Health Services,692440080078,https://s3-symbol-logo.tradingview.com/wir-asia-tbk--big.svg
WMPP,PT Widodo Makmur Perkasa Tbk,Process Industries,970827000000,https://s3-symbol-logo.tradingview.com/widodo-makmur-perkasa-tbk--big.svg
WMUU,PT Widodo Makmur Unggas Tbk,Process Industries,556470558594,https://s3-symbol-logo.tradingview.com/widodo-makmur-unggas--big.svg
WOMF,PT Wahana Ottomitra Multiartha Tbk,Finance,946962953125,https://s3-symbol-logo.tradingview.com/wahana-ottomitra-multiartha-tbk--big.svg
WOOD,PT Integra Indocabinet Tbk,Consumer Durables,1197375000000,https://s3-symbol-logo.tradingview.com/integra-indocabinet--big.svg
WOWS,PT Ginting Jaya Energi Tbk,Industrial Services,108931678711,https://s3-symbol-logo.tradingview.com/ginting-jaya-energi-tbk--big.svg
WSBP,Waskita Beton Precast Tbk,BUILDING CONSTRUCTION,797428292444,https://storage.invezgo.com/icon/WSBP.png
WSKT,Waskita Karya (persero) Tbk,Infrastructures,5818975017232,https://storage.invezgo.com/icon/WSKT.png
WTON,PT Wijaya Karya Beton Tbk,Infrastructures,601367208984,https://s3-symbol-logo.tradingview.com/wijaya-karya-beton-tbk--big.svg
YELO,PT Yelooo Integra Datanet Tbk,Distribution Services,141545306641,https://s3-symbol-logo.tradingview.com/yelooo-integra-datanet--big.svg
YOII,PT Asuransi Digital Bersama TBK,Finance,290596753418,https://s3-symbol-logo.tradingview.com/asuransi-digital-bersama-tbk--big.svg
YPAS,PT Yanaprima Hastapersada Tbk,Process Industries,754840068970,https://s3-symbol-logo.tradingview.com/yanaprima-hastapersada-tbk--big.svg
YULE,PT Yulie Sekuritas Indonesia Tbk,Finance,5365773222656,https://s3-symbol-logo.tradingview.com/yulie-sekuritas-indonesia-tbk--big.svg
YUPI,PT Yupi Indo Jelly Gum Tbk,Consumer Non-Durables,10723334018555,https://s3-symbol-logo.tradingview.com/yupi-indo-jellygum--big.svg
ZATA,PT Bersama Zatta Jaya Tbk,Retail Trade,441792000000,https://s3-symbol-logo.tradingview.com/bersama-zatta-jaya-tbk--big.svg
ZBRA,Dosni Roha Indonesia Tbk,TRANSPORTATION,125535313150,https://storage.invezgo.com/icon/ZBRA.png
ZINC,Kapuas Prima Coal Tbk,COAL MINING,757500000000,https://storage.invezgo.com/icon/ZINC.png
ZONE,PT Mega Perintis Tbk,Consumer Non-Durables,583014869995,https://s3-symbol-logo.tradingview.com/mega-perintis-tbk--big.svg
ZYRX,PT Zyrexindo Mandiri Buana Tbk,Electronic Technology,169333478027,https://s3-symbol-logo.tradingview.com/waran-seri-i-zyrexindo-mandiri-buana-tbk--big.svg
